Segment,Country,Product,Discount Band,Units Sold,Manufacturing Price,Sale Price,Gross Sales,Discounts,Discounts %,Sales,COGS,COGS %,Profit,Profit Margin %,Profit Category,Date,Month Number,Month Name,Year
Government,Canada, Montana , High ,200.0,5.0,350.0,70000.0,9800.0,0.14,60200.0,52000.0,0.8637999999999999,8200.0,0.11710000000000001,Low,2014-05-01,5.0, May ,2014.0
Small Business,Germany, Carretera , Low ,214.0,3.0,300.0,64200.0,1284.0,0.02,62916.0,53500.0,0.8503000000000001,9416.0,0.1467,Low,2013-10-01,10.0, October ,2013.0
Small Business,Germany, VTT , Low ,214.0,250.0,300.0,64200.0,1284.0,0.02,62916.0,53500.0,0.8503000000000001,9416.0,0.1467,Low,2013-10-01,10.0, October ,2013.0
Midmarket,Canada, Paseo , Low ,218.0,10.0,15.0,3270.0,130.8,0.04,3139.2,2180.0,0.6944,959.2,0.2933,Medium,2014-09-01,9.0, September ,2014.0
Government,Germany, Paseo , High ,241.0,10.0,20.0,4820.0,482.0,0.1,4338.0,2410.0,0.5556,1928.0,0.4,Medium,2014-10-01,10.0, October ,2014.0
Government,Germany, Velo , High ,241.0,120.0,20.0,4820.0,482.0,0.1,4338.0,2410.0,0.5556,1928.0,0.4,Medium,2014-10-01,10.0, October ,2014.0
Midmarket,Mexico, Velo , Medium ,245.0,120.0,15.0,3675.0,330.75,0.09,3344.25,2450.0,0.7326,894.25,0.2433,Medium,2014-05-01,5.0, May ,2014.0
Government,Canada, Paseo , Medium ,257.0,10.0,7.0,1799.0,143.92,0.08,1655.08,1285.0,0.7764,370.08,0.2057,Medium,2014-05-01,5.0, May ,2014.0
Small Business,Germany, Amarilla , Low ,259.0,260.0,300.0,77700.0,1554.0,0.02,76146.0,64750.0,0.8503000000000001,11396.0,0.1467,Low,2014-03-01,3.0, March ,2014.0
Government,Mexico, Paseo , High ,260.0,10.0,20.0,5200.0,728.0,0.14,4472.0,2600.0,0.5814,1872.0,0.36,Medium,2014-02-01,2.0, February ,2014.0
Government,Germany, VTT , Low ,263.0,250.0,7.0,1841.0,18.41,0.01,1822.59,1315.0,0.7215,507.59,0.2757,Medium,2014-03-01,3.0, March ,2014.0
Government,United States of America, Carretera , Medium ,263.0,3.0,7.0,1841.0,110.46,0.06,1730.54,1315.0,0.7598999999999999,415.54,0.2257,Medium,2013-11-01,11.0, November ,2013.0
Government,United States of America, VTT , Low ,266.0,250.0,350.0,93100.0,1862.0,0.02,91238.0,69160.0,0.758,22078.0,0.2371,Medium,2013-12-01,12.0, December ,2013.0
Government,United States of America, Paseo , High ,267.0,10.0,20.0,5340.0,801.0,0.15,4539.0,2670.0,0.5882000000000001,1869.0,0.35,Medium,2013-10-01,10.0, October ,2013.0
Government,United States of America, VTT , High ,267.0,250.0,20.0,5340.0,801.0,0.15,4539.0,2670.0,0.5882000000000001,1869.0,0.35,Medium,2013-10-01,10.0, October ,2013.0
Small Business,Canada, Velo , High ,269.0,120.0,300.0,80700.0,11298.0,0.14,69402.0,67250.0,0.9690000000000001,2152.0,0.026699999999999998,Low,2013-10-01,10.0, October ,2013.0
Small Business,Canada, VTT , High ,269.0,250.0,300.0,80700.0,11298.0,0.14,69402.0,67250.0,0.9690000000000001,2152.0,0.026699999999999998,Low,2013-10-01,10.0, October ,2013.0
Government,United States of America, Amarilla , High ,270.0,260.0,350.0,94500.0,11340.0,0.12,83160.0,70200.0,0.8442000000000001,12960.0,0.1371,Low,2014-02-01,2.0, February ,2014.0
Government,United States of America, Carretera , Low ,274.0,3.0,350.0,95900.0,3836.0,0.04,92064.0,71240.0,0.7737999999999999,20824.0,0.21710000000000002,Medium,2014-12-01,12.0, December ,2014.0
Government,United States of America, Paseo , Low ,274.0,10.0,350.0,95900.0,3836.0,0.04,92064.0,71240.0,0.7737999999999999,20824.0,0.21710000000000002,Medium,2014-12-01,12.0, December ,2014.0
Midmarket,Germany, Paseo , High ,278.0,10.0,15.0,4170.0,583.8,0.14,3586.2,2780.0,0.7752,806.2,0.19329999999999997,Medium,2014-02-01,2.0, February ,2014.0
Government,Germany, Carretera , High ,280.0,3.0,7.0,1960.0,274.4,0.14,1685.6,1400.0,0.8306,285.6,0.1457,Low,2014-12-01,12.0, December ,2014.0
Government,Germany, VTT , High ,280.0,250.0,7.0,1960.0,274.4,0.14,1685.6,1400.0,0.8306,285.6,0.1457,Low,2014-12-01,12.0, December ,2014.0
Government,Canada, Paseo ,None,292.0,10.0,20.0,5840.0,0.0,0.0,5840.0,2920.0,0.5,2920.0,0.5,High,2014-02-01,2.0, February ,2014.0
Government,France, Paseo , High ,293.0,10.0,20.0,5860.0,879.0,0.15,4981.0,2930.0,0.5882000000000001,2051.0,0.35,Medium,2014-12-01,12.0, December ,2014.0
Government,France, VTT , High ,293.0,250.0,20.0,5860.0,879.0,0.15,4981.0,2930.0,0.5882000000000001,2051.0,0.35,Medium,2014-12-01,12.0, December ,2014.0
Government,France, Montana , High ,293.0,5.0,7.0,2051.0,287.14,0.14,1763.86,1465.0,0.8306,298.86,0.1457,Low,2014-02-01,2.0, February ,2014.0
Channel Partners,France, Amarilla , Medium ,306.0,260.0,12.0,3672.0,330.48,0.09,3341.52,918.0,0.2747,2423.52,0.66,High,2013-12-01,12.0, December ,2013.0
Midmarket,France, Amarilla , Low ,321.0,260.0,15.0,4815.0,48.15,0.01,4766.85,3210.0,0.6734,1556.85,0.3233,Medium,2013-11-01,11.0, November ,2013.0
Small Business,France, Montana , Medium ,322.0,5.0,300.0,96600.0,8694.0,0.09,87906.0,80500.0,0.9158,7406.0,0.0767,Low,2013-09-01,9.0, September ,2013.0
Enterprise,United States of America, Carretera , Low ,330.0,3.0,125.0,41250.0,412.5,0.01,40837.5,39600.0,0.9697,1237.5,0.03,Low,2013-09-01,9.0, September ,2013.0
Small Business,Germany, Montana , Medium ,334.0,5.0,300.0,100200.0,9018.0,0.09,91182.0,83500.0,0.9158,7682.0,0.0767,Low,2013-12-01,12.0, December ,2013.0
Enterprise,Mexico, VTT , High ,341.0,250.0,125.0,42625.0,4262.5,0.1,38362.5,40920.0,1.0667,-2557.5,-0.06,Low,2014-05-01,5.0, May ,2014.0
Government,Mexico, Velo , High ,344.0,120.0,350.0,120400.0,13244.0,0.11,107156.0,89440.0,0.8347,17716.0,0.1471,Low,2013-10-01,10.0, October ,2013.0
Government,Mexico, Amarilla , High ,344.0,260.0,350.0,120400.0,13244.0,0.11,107156.0,89440.0,0.8347,17716.0,0.1471,Low,2013-10-01,10.0, October ,2013.0
Enterprise,Canada, Montana ,None,345.0,5.0,125.0,43125.0,0.0,0.0,43125.0,41400.0,0.96,1725.0,0.04,Low,2013-10-01,10.0, October ,2013.0
Enterprise,Canada, Velo ,None,345.0,120.0,125.0,43125.0,0.0,0.0,43125.0,41400.0,0.96,1725.0,0.04,Low,2013-10-01,10.0, October ,2013.0
Government,United States of America, VTT , Low ,349.0,250.0,350.0,122150.0,4886.0,0.04,117264.0,90740.0,0.7737999999999999,26524.0,0.21710000000000002,Medium,2013-09-01,9.0, September ,2013.0
Government,Germany, Paseo , High ,357.0,10.0,350.0,124950.0,16243.5,0.13,108706.5,92820.0,0.8539,15886.5,0.12710000000000002,Low,2014-11-01,11.0, November ,2014.0
Government,Germany, Paseo , Medium ,360.0,10.0,7.0,2520.0,226.8,0.09,2293.2,1800.0,0.7848999999999999,493.2,0.1957,Medium,2014-10-01,10.0, October ,2014.0
Government,Germany, VTT , Medium ,360.0,250.0,7.0,2520.0,226.8,0.09,2293.2,1800.0,0.7848999999999999,493.2,0.1957,Medium,2014-10-01,10.0, October ,2014.0
Government,Mexico, Velo , Low ,362.0,120.0,7.0,2534.0,25.34,0.01,2508.66,1810.0,0.7215,698.66,0.2757,Medium,2014-05-01,5.0, May ,2014.0
Channel Partners,Germany, Paseo ,None,367.0,10.0,12.0,4404.0,0.0,0.0,4404.0,1101.0,0.25,3303.0,0.75,High,2014-07-01,7.0, July ,2014.0
Channel Partners,Mexico, Carretera , Medium ,367.0,3.0,12.0,4404.0,396.36,0.09,4007.64,1101.0,0.2747,2906.64,0.66,High,2013-10-01,10.0, October ,2013.0
Channel Partners,Mexico, Paseo , Medium ,367.0,10.0,12.0,4404.0,396.36,0.09,4007.64,1101.0,0.2747,2906.64,0.66,High,2013-10-01,10.0, October ,2013.0
Midmarket,Mexico, Paseo , High ,380.0,10.0,15.0,5700.0,684.0,0.12,5016.0,3800.0,0.7576,1216.0,0.2133,Medium,2013-12-01,12.0, December ,2013.0
Government,United States of America, Paseo , High ,380.0,10.0,7.0,2660.0,292.6,0.11,2367.4,1900.0,0.8026000000000001,467.4,0.1757,Medium,2013-09-01,9.0, September ,2013.0
Government,France, VTT , Medium ,381.0,250.0,350.0,133350.0,10668.0,0.08,122682.0,99060.0,0.8075,23622.0,0.1771,Medium,2014-08-01,8.0, August ,2014.0
Midmarket,Canada, Velo , High ,384.0,120.0,15.0,5760.0,633.6,0.11,5126.4,3840.0,0.7491,1286.4,0.22329999999999997,Medium,2014-01-01,1.0, January ,2014.0
Small Business,France, Velo , Medium ,386.0,120.0,300.0,115800.0,9264.0,0.08,106536.0,96500.0,0.9057999999999999,10036.0,0.0867,Low,2013-11-01,11.0, November ,2013.0
Channel Partners,United States of America, Carretera , High ,386.0,3.0,12.0,4632.0,463.2,0.1,4168.8,1158.0,0.2778,3010.8,0.65,High,2013-10-01,10.0, October ,2013.0
Channel Partners,United States of America, Paseo , High ,386.0,10.0,12.0,4632.0,463.2,0.1,4168.8,1158.0,0.2778,3010.8,0.65,High,2013-10-01,10.0, October ,2013.0
Government,Canada, Montana , High ,388.0,5.0,7.0,2716.0,380.24,0.14,2335.76,1940.0,0.8306,395.76,0.1457,Low,2014-09-01,9.0, September ,2014.0
Channel Partners,Mexico, Velo , High ,410.0,120.0,12.0,4920.0,639.6,0.13,4280.4,1230.0,0.2874,3050.4,0.62,High,2014-10-01,10.0, October ,2014.0
Channel Partners,Mexico, Amarilla , High ,410.0,260.0,12.0,4920.0,639.6,0.13,4280.4,1230.0,0.2874,3050.4,0.62,High,2014-10-01,10.0, October ,2014.0
Government,Germany, VTT , Medium ,422.0,250.0,350.0,147700.0,11816.0,0.08,135884.0,109720.0,0.8075,26164.0,0.1771,Medium,2014-08-01,8.0, August ,2014.0
Small Business,Mexico, VTT , High ,432.0,250.0,300.0,129600.0,12960.0,0.1,116640.0,108000.0,0.9259000000000001,8640.0,0.0667,Low,2014-09-01,9.0, September ,2014.0
Government,United States of America, VTT , Medium ,436.5,250.0,20.0,8730.0,698.4,0.08,8031.6,4365.0,0.5435,3666.6,0.42,High,2014-07-01,7.0, July ,2014.0
Government,Germany, Carretera , High ,442.0,3.0,20.0,8840.0,1149.2,0.13,7690.8,4420.0,0.5747,3270.8,0.37,Medium,2013-09-01,9.0, September ,2013.0
Small Business,France, Carretera , Medium ,448.0,3.0,300.0,134400.0,9408.0,0.07,124992.0,112000.0,0.8961,12992.0,0.0967,Low,2014-06-01,6.0, June ,2014.0
Small Business,France, Paseo , Medium ,448.0,10.0,300.0,134400.0,9408.0,0.07,124992.0,112000.0,0.8961,12992.0,0.0967,Low,2014-06-01,6.0, June ,2014.0
Channel Partners,Germany, Velo , High ,472.0,120.0,12.0,5664.0,623.04,0.11,5040.96,1416.0,0.2809,3624.96,0.64,High,2014-10-01,10.0, October ,2014.0
Channel Partners,Germany, Amarilla , High ,472.0,260.0,12.0,5664.0,623.04,0.11,5040.96,1416.0,0.2809,3624.96,0.64,High,2014-10-01,10.0, October ,2014.0
Government,Canada, Montana , Medium ,488.0,5.0,7.0,3416.0,273.28,0.08,3142.72,2440.0,0.7764,702.72,0.2057,Medium,2014-02-01,2.0, February ,2014.0
Midmarket,France, Carretera , Medium ,490.0,3.0,15.0,7350.0,588.0,0.08,6762.0,4900.0,0.7245999999999999,1862.0,0.25329999999999997,Medium,2014-11-01,11.0, November ,2014.0
Midmarket,Germany, VTT , High ,492.0,250.0,15.0,7380.0,1107.0,0.15,6273.0,4920.0,0.7843000000000001,1353.0,0.1833,Medium,2014-07-01,7.0, July ,2014.0
Small Business,Mexico, Carretera , Low ,494.0,3.0,300.0,148200.0,1482.0,0.01,146718.0,123500.0,0.8418000000000001,23218.0,0.1567,Medium,2013-10-01,10.0, October ,2013.0
Small Business,Mexico, VTT , Low ,494.0,250.0,300.0,148200.0,1482.0,0.01,146718.0,123500.0,0.8418000000000001,23218.0,0.1567,Medium,2013-10-01,10.0, October ,2013.0
Channel Partners,Mexico, Velo , High ,500.0,120.0,12.0,6000.0,900.0,0.15,5100.0,1500.0,0.29410000000000003,3600.0,0.6,High,2014-03-01,3.0, March ,2014.0
Midmarket,Germany, Velo , High ,510.0,120.0,15.0,7650.0,765.0,0.1,6885.0,5100.0,0.7406999999999999,1785.0,0.23329999999999998,Medium,2014-04-01,4.0, April ,2014.0
Government,Mexico, Carretera , Medium ,521.0,3.0,7.0,3647.0,328.23,0.09,3318.77,2605.0,0.7848999999999999,713.77,0.1957,Medium,2014-12-01,12.0, December ,2014.0
Government,Mexico, VTT , Medium ,521.0,250.0,7.0,3647.0,328.23,0.09,3318.77,2605.0,0.7848999999999999,713.77,0.1957,Medium,2014-12-01,12.0, December ,2014.0
Government,Mexico, Velo , Low ,544.0,120.0,20.0,10880.0,217.6,0.02,10662.4,5440.0,0.5102,5222.4,0.48,High,2013-12-01,12.0, December ,2013.0
Government,France, Montana , Low ,544.0,5.0,7.0,3808.0,114.24,0.03,3693.76,2720.0,0.7364,973.76,0.2557,Medium,2014-09-01,9.0, September ,2014.0
Small Business,Mexico, Montana , High ,546.0,5.0,300.0,163800.0,24570.0,0.15,139230.0,136500.0,0.9804,2730.0,0.0167,Low,2014-10-01,10.0, October ,2014.0
Small Business,Mexico, Amarilla , High ,546.0,260.0,300.0,163800.0,24570.0,0.15,139230.0,136500.0,0.9804,2730.0,0.0167,Low,2014-10-01,10.0, October ,2014.0
Government,United States of America, Velo , Medium ,547.0,120.0,7.0,3829.0,268.03,0.07,3560.97,2735.0,0.768,825.97,0.2157,Medium,2014-11-01,11.0, November ,2014.0
Midmarket,France, Paseo ,None,549.0,10.0,15.0,8235.0,0.0,0.0,8235.0,5490.0,0.6667000000000001,2745.0,0.3333,Medium,2013-09-01,9.0, September ,2013.0
Government,Canada, Amarilla , Medium ,552.0,260.0,350.0,193200.0,9660.0,0.05,183540.0,143520.0,0.782,40020.0,0.2071,Medium,2014-08-01,8.0, August ,2014.0
Enterprise,Germany, VTT , High ,552.0,250.0,125.0,69000.0,10350.0,0.15,58650.0,66240.0,1.1294,-7590.0,-0.11,Low,2014-11-01,11.0, November ,2014.0
Enterprise,Mexico, VTT , High ,554.0,250.0,125.0,69250.0,7617.5,0.11,61632.5,66480.0,1.0787,-4847.5,-0.07,Low,2014-01-01,1.0, January ,2014.0
Midmarket,United States of America, Velo , Medium ,555.0,120.0,15.0,8325.0,416.25,0.05,7908.75,5550.0,0.7018000000000001,2358.75,0.2833,Medium,2014-01-01,1.0, January ,2014.0
Channel Partners,Mexico, Carretera , Medium ,562.0,3.0,12.0,6744.0,404.64,0.06,6339.36,1686.0,0.266,4653.36,0.69,High,2014-09-01,9.0, September ,2014.0
Enterprise,Canada, Velo , Medium ,567.0,120.0,125.0,70875.0,6378.75,0.09,64496.25,68040.0,1.0549,-3543.75,-0.05,Low,2014-09-01,9.0, September ,2014.0
Government,United States of America, Carretera , Medium ,570.0,3.0,7.0,3990.0,199.5,0.05,3790.5,2850.0,0.7519,940.5,0.2357,Medium,2014-12-01,12.0, December ,2014.0
Government,United States of America, VTT , Medium ,570.0,250.0,7.0,3990.0,199.5,0.05,3790.5,2850.0,0.7519,940.5,0.2357,Medium,2014-12-01,12.0, December ,2014.0
Channel Partners,Mexico, Paseo , High ,571.0,10.0,12.0,6852.0,890.76,0.13,5961.24,1713.0,0.2874,4248.24,0.62,High,2014-07-01,7.0, July ,2014.0
Government,France, VTT , Medium ,574.5,250.0,350.0,201075.0,16086.0,0.08,184989.0,149370.0,0.8075,35619.0,0.1771,Medium,2014-04-01,4.0, April ,2014.0
Enterprise,United States of America, Amarilla , High ,579.0,260.0,125.0,72375.0,7237.5,0.1,65137.5,69480.0,1.0667,-4342.5,-0.06,Low,2014-01-01,1.0, January ,2014.0
Government,Germany, Velo , Medium ,588.0,120.0,20.0,11760.0,823.2,0.07,10936.8,5880.0,0.5376,5056.8,0.43,High,2013-12-01,12.0, December ,2013.0
Small Business,Mexico, Paseo , High ,591.0,10.0,300.0,177300.0,17730.0,0.1,159570.0,147750.0,0.9259000000000001,11820.0,0.0667,Low,2014-05-01,5.0, May ,2014.0
Channel Partners,Canada, Velo , Medium ,598.0,120.0,12.0,7176.0,574.08,0.08,6601.92,1794.0,0.2717,4807.92,0.67,High,2014-03-01,3.0, March ,2014.0
Government,United States of America, Paseo , Medium ,602.0,10.0,350.0,210700.0,10535.0,0.05,200165.0,156520.0,0.782,43645.0,0.2071,Medium,2014-06-01,6.0, June ,2014.0
Government,United States of America, Velo , Medium ,602.0,120.0,350.0,210700.0,10535.0,0.05,200165.0,156520.0,0.782,43645.0,0.2071,Medium,2014-06-01,6.0, June ,2014.0
Channel Partners,Mexico, Montana , High ,604.0,5.0,12.0,7248.0,942.24,0.13,6305.76,1812.0,0.2874,4493.76,0.62,High,2014-06-01,6.0, June ,2014.0
Channel Partners,Mexico, Velo , High ,604.0,120.0,12.0,7248.0,942.24,0.13,6305.76,1812.0,0.2874,4493.76,0.62,High,2014-06-01,6.0, June ,2014.0
Government,United States of America, Velo , High ,606.0,120.0,20.0,12120.0,1696.8,0.14,10423.2,6060.0,0.5814,4363.2,0.36,Medium,2014-04-01,4.0, April ,2014.0
Government,Mexico, Velo , Medium ,609.0,120.0,20.0,12180.0,852.6,0.07,11327.4,6090.0,0.5376,5237.4,0.43,High,2014-08-01,8.0, August ,2014.0
Midmarket,United States of America, Montana ,None,615.0,5.0,15.0,9225.0,0.0,0.0,9225.0,6150.0,0.6667000000000001,3075.0,0.3333,Medium,2014-12-01,12.0, December ,2014.0
Midmarket,United States of America, Amarilla ,None,615.0,260.0,15.0,9225.0,0.0,0.0,9225.0,6150.0,0.6667000000000001,3075.0,0.3333,Medium,2014-12-01,12.0, December ,2014.0
Government,Canada, VTT , High ,623.0,250.0,350.0,218050.0,26166.0,0.12,191884.0,161980.0,0.8442000000000001,29904.0,0.1371,Low,2013-09-01,9.0, September ,2013.0
Small Business,Mexico, Velo , Medium ,635.0,120.0,300.0,190500.0,15240.0,0.08,175260.0,158750.0,0.9057999999999999,16510.0,0.0867,Low,2014-12-01,12.0, December ,2014.0
Small Business,Mexico, Amarilla , Medium ,635.0,260.0,300.0,190500.0,15240.0,0.08,175260.0,158750.0,0.9057999999999999,16510.0,0.0867,Low,2014-12-01,12.0, December ,2014.0
Government,France, Velo , High ,639.0,120.0,350.0,223650.0,22365.0,0.1,201285.0,166140.0,0.8254,35145.0,0.15710000000000002,Medium,2014-07-01,7.0, July ,2014.0
Government,France, Velo , Low ,639.0,120.0,7.0,4473.0,44.73,0.01,4428.27,3195.0,0.7215,1233.27,0.2757,Medium,2014-11-01,11.0, November ,2014.0
Midmarket,Mexico, VTT , High ,641.0,250.0,15.0,9615.0,961.5,0.1,8653.5,6410.0,0.7406999999999999,2243.5,0.23329999999999998,Medium,2014-07-01,7.0, July ,2014.0
Government,Germany, Montana , Medium ,645.0,5.0,20.0,12900.0,1032.0,0.08,11868.0,6450.0,0.5435,5418.0,0.42,High,2014-07-01,7.0, July ,2014.0
Midmarket,Mexico, Velo , High ,655.0,120.0,15.0,9825.0,1080.75,0.11,8744.25,6550.0,0.7491,2194.25,0.22329999999999997,Medium,2013-09-01,9.0, September ,2013.0
Midmarket,Germany, Velo , High ,660.0,120.0,15.0,9900.0,1287.0,0.13,8613.0,6600.0,0.7663,2013.0,0.20329999999999998,Medium,2013-09-01,9.0, September ,2013.0
Enterprise,Mexico, Paseo , Low ,662.0,10.0,125.0,82750.0,1655.0,0.02,81095.0,79440.0,0.9795999999999999,1655.0,0.02,Low,2014-06-01,6.0, June ,2014.0
Enterprise,Mexico, VTT , Low ,662.0,250.0,125.0,82750.0,1655.0,0.02,81095.0,79440.0,0.9795999999999999,1655.0,0.02,Low,2014-06-01,6.0, June ,2014.0
Government,Germany, Carretera , Medium ,663.0,3.0,20.0,13260.0,1193.4,0.09,12066.6,6630.0,0.5495,5436.6,0.41,High,2014-05-01,5.0, May ,2014.0
Enterprise,United States of America, Montana , Low ,663.0,5.0,125.0,82875.0,828.75,0.01,82046.25,79560.0,0.9697,2486.25,0.03,Low,2013-10-01,10.0, October ,2013.0
Enterprise,United States of America, Velo , Low ,663.0,120.0,125.0,82875.0,828.75,0.01,82046.25,79560.0,0.9697,2486.25,0.03,Low,2013-10-01,10.0, October ,2013.0
Enterprise,France, Velo , High ,663.0,120.0,125.0,82875.0,12431.25,0.15,70443.75,79560.0,1.1294,-9116.25,-0.11,Low,2014-09-01,9.0, September ,2014.0
Midmarket,United States of America, Paseo , Low ,671.0,10.0,15.0,10065.0,402.6,0.04,9662.4,6710.0,0.6944,2952.4,0.2933,Medium,2013-10-01,10.0, October ,2013.0
Midmarket,United States of America, Amarilla , Low ,671.0,260.0,15.0,10065.0,402.6,0.04,9662.4,6710.0,0.6944,2952.4,0.2933,Medium,2013-10-01,10.0, October ,2013.0
Midmarket,United States of America, Montana , High ,677.0,5.0,15.0,10155.0,1218.6,0.12,8936.4,6770.0,0.7576,2166.4,0.2133,Medium,2014-03-01,3.0, March ,2014.0
Government,United States of America, Paseo , Medium ,678.0,10.0,7.0,4746.0,379.68,0.08,4366.32,3390.0,0.7764,976.32,0.2057,Medium,2014-08-01,8.0, August ,2014.0
Midmarket,Germany, Velo , High ,681.0,120.0,15.0,10215.0,1021.5,0.1,9193.5,6810.0,0.7406999999999999,2383.5,0.23329999999999998,Medium,2014-01-01,1.0, January ,2014.0
Small Business,Germany, Carretera , Low ,689.0,3.0,300.0,206700.0,6201.0,0.03,200499.0,172250.0,0.8591,28249.0,0.1367,Low,2014-06-01,6.0, June ,2014.0
Small Business,Germany, Paseo , Low ,689.0,10.0,300.0,206700.0,6201.0,0.03,200499.0,172250.0,0.8591,28249.0,0.1367,Low,2014-06-01,6.0, June ,2014.0
Channel Partners,Mexico, Montana , Low ,690.0,5.0,12.0,8280.0,165.6,0.02,8114.4,2070.0,0.2551,6044.4,0.73,High,2014-11-01,11.0, November ,2014.0
Government,Canada, Paseo , High ,700.0,10.0,350.0,245000.0,34300.0,0.14,210700.0,182000.0,0.8637999999999999,28700.0,0.11710000000000001,Low,2014-11-01,11.0, November ,2014.0
Enterprise,France, Paseo , Medium ,704.0,10.0,125.0,88000.0,4400.0,0.05,83600.0,84480.0,1.0105,-880.0,-0.01,Low,2013-10-01,10.0, October ,2013.0
Enterprise,France, Velo , Medium ,704.0,120.0,125.0,88000.0,4400.0,0.05,83600.0,84480.0,1.0105,-880.0,-0.01,Low,2013-10-01,10.0, October ,2013.0
Government,Canada, Amarilla , High ,707.0,260.0,350.0,247450.0,24745.0,0.1,222705.0,183820.0,0.8254,38885.0,0.15710000000000002,Medium,2014-09-01,9.0, September ,2014.0
Government,Canada, Montana , Medium ,708.0,5.0,20.0,14160.0,1132.8,0.08,13027.2,7080.0,0.5435,5947.2,0.42,High,2014-06-01,6.0, June ,2014.0
Government,Canada, Amarilla , Medium ,708.0,260.0,20.0,14160.0,1132.8,0.08,13027.2,7080.0,0.5435,5947.2,0.42,High,2014-06-01,6.0, June ,2014.0
Midmarket,Germany, Montana , Medium ,711.0,5.0,15.0,10665.0,853.2,0.08,9811.8,7110.0,0.7245999999999999,2701.8,0.25329999999999997,Medium,2014-12-01,12.0, December ,2014.0
Midmarket,Germany, Amarilla , Medium ,711.0,260.0,15.0,10665.0,853.2,0.08,9811.8,7110.0,0.7245999999999999,2701.8,0.25329999999999997,Medium,2014-12-01,12.0, December ,2014.0
Government,Mexico, Montana , Medium ,720.0,5.0,350.0,252000.0,12600.0,0.05,239400.0,187200.0,0.782,52200.0,0.2071,Medium,2013-09-01,9.0, September ,2013.0
Government,Canada, Paseo , High ,723.0,10.0,7.0,5061.0,759.15,0.15,4301.85,3615.0,0.8403,686.85,0.13570000000000002,Low,2014-04-01,4.0, April ,2014.0
Government,United States of America, Paseo , Medium ,727.0,10.0,350.0,254450.0,15267.0,0.06,239183.0,189020.0,0.7903,50163.0,0.1971,Medium,2013-10-01,10.0, October ,2013.0
Government,United States of America, Amarilla , Medium ,727.0,260.0,350.0,254450.0,15267.0,0.06,239183.0,189020.0,0.7903,50163.0,0.1971,Medium,2013-10-01,10.0, October ,2013.0
Channel Partners,Mexico, Carretera , Medium ,727.0,3.0,12.0,8724.0,610.68,0.07,8113.32,2181.0,0.2688,5932.32,0.68,High,2014-02-01,2.0, February ,2014.0
Enterprise,United States of America, Paseo , Low ,727.0,10.0,125.0,90875.0,908.75,0.01,89966.25,87240.0,0.9697,2726.25,0.03,Low,2014-06-01,6.0, June ,2014.0
Enterprise,United States of America, VTT , Low ,727.0,250.0,125.0,90875.0,908.75,0.01,89966.25,87240.0,0.9697,2726.25,0.03,Low,2014-06-01,6.0, June ,2014.0
Government,United States of America, Velo , Low ,736.0,120.0,20.0,14720.0,588.8,0.04,14131.2,7360.0,0.5207999999999999,6771.2,0.46,High,2013-09-01,9.0, September ,2013.0
Enterprise,Canada, Carretera , Low ,742.5,3.0,125.0,92812.5,1856.25,0.02,90956.25,89100.0,0.9795999999999999,1856.25,0.02,Low,2014-04-01,4.0, April ,2014.0
Midmarket,Germany, Paseo , Low ,747.0,10.0,15.0,11205.0,112.05,0.01,11092.95,7470.0,0.6734,3622.95,0.3233,Medium,2014-09-01,9.0, September ,2014.0
Government,Germany, Montana , High ,766.0,5.0,350.0,268100.0,29491.0,0.11,238609.0,199160.0,0.8347,39449.0,0.1471,Low,2014-01-01,1.0, January ,2014.0
Channel Partners,Germany, Carretera , Low ,766.0,3.0,12.0,9192.0,91.92,0.01,9100.08,2298.0,0.2525,6802.08,0.74,High,2013-10-01,10.0, October ,2013.0
Channel Partners,Germany, Paseo , Low ,766.0,10.0,12.0,9192.0,91.92,0.01,9100.08,2298.0,0.2525,6802.08,0.74,High,2013-10-01,10.0, October ,2013.0
Enterprise,France, Paseo , Low ,787.0,10.0,125.0,98375.0,983.75,0.01,97391.25,94440.0,0.9697,2951.25,0.03,Low,2014-06-01,6.0, June ,2014.0
Enterprise,France, VTT , Low ,787.0,250.0,125.0,98375.0,983.75,0.01,97391.25,94440.0,0.9697,2951.25,0.03,Low,2014-06-01,6.0, June ,2014.0
Small Business,Mexico, Paseo ,None,788.0,10.0,300.0,236400.0,0.0,0.0,236400.0,197000.0,0.8332999999999999,39400.0,0.16670000000000001,Medium,2013-09-01,9.0, September ,2013.0
Midmarket,United States of America, Velo , High ,790.0,120.0,15.0,11850.0,1185.0,0.1,10665.0,7900.0,0.7406999999999999,2765.0,0.23329999999999998,Medium,2014-05-01,5.0, May ,2014.0
Government,Germany, Carretera , High ,792.0,3.0,350.0,277200.0,30492.0,0.11,246708.0,205920.0,0.8347,40788.0,0.1471,Low,2014-03-01,3.0, March ,2014.0
Enterprise,Germany, Paseo , Low ,795.0,10.0,125.0,99375.0,3975.0,0.04,95400.0,95400.0,1.0,0.0,0.0,Low,2014-03-01,3.0, March ,2014.0
Small Business,Mexico, Carretera , High ,801.0,3.0,300.0,240300.0,33642.0,0.14,206658.0,200250.0,0.9690000000000001,6408.0,0.026699999999999998,Low,2014-07-01,7.0, July ,2014.0
Small Business,Germany, Paseo , High ,807.0,10.0,300.0,242100.0,31473.0,0.13,210627.0,201750.0,0.9579000000000001,8877.0,0.036699999999999997,Low,2014-01-01,1.0, January ,2014.0
Enterprise,Germany, Velo , Medium ,807.0,120.0,125.0,100875.0,5043.75,0.05,95831.25,96840.0,1.0105,-1008.75,-0.01,Low,2014-02-01,2.0, February ,2014.0
Small Business,United States of America, VTT , Medium ,808.0,250.0,300.0,242400.0,19392.0,0.08,223008.0,202000.0,0.9057999999999999,21008.0,0.0867,Low,2013-12-01,12.0, December ,2013.0
Enterprise,Germany, Paseo , Low ,809.0,10.0,125.0,101125.0,2022.5,0.02,99102.5,97080.0,0.9795999999999999,2022.5,0.02,Low,2013-10-01,10.0, October ,2013.0
Enterprise,Germany, Velo , Low ,809.0,120.0,125.0,101125.0,2022.5,0.02,99102.5,97080.0,0.9795999999999999,2022.5,0.02,Low,2013-10-01,10.0, October ,2013.0
Government,Canada, Carretera , Medium ,819.0,3.0,7.0,5733.0,515.97,0.09,5217.03,4095.0,0.7848999999999999,1122.03,0.1957,Medium,2014-07-01,7.0, July ,2014.0
Government,Canada, Carretera , Low ,831.0,3.0,20.0,16620.0,498.6,0.03,16121.4,8310.0,0.5155,7811.4,0.47,High,2014-05-01,5.0, May ,2014.0
Small Business,France, Velo , High ,853.0,120.0,300.0,255900.0,25590.0,0.1,230310.0,213250.0,0.9259000000000001,17060.0,0.0667,Low,2014-12-01,12.0, December ,2014.0
Small Business,France, Amarilla , High ,853.0,260.0,300.0,255900.0,25590.0,0.1,230310.0,213250.0,0.9259000000000001,17060.0,0.0667,Low,2014-12-01,12.0, December ,2014.0
Enterprise,United States of America, Paseo , Medium ,861.0,10.0,125.0,107625.0,5381.25,0.05,102243.75,103320.0,1.0105,-1076.25,-0.01,Low,2014-10-01,10.0, October ,2014.0
Enterprise,United States of America, Velo , Medium ,861.0,120.0,125.0,107625.0,5381.25,0.05,102243.75,103320.0,1.0105,-1076.25,-0.01,Low,2014-10-01,10.0, October ,2014.0
Government,Canada, VTT , High ,865.5,250.0,20.0,17310.0,2596.5,0.15,14713.5,8655.0,0.5882000000000001,6058.5,0.35,Medium,2014-07-01,7.0, July ,2014.0
Channel Partners,France, VTT , Low ,866.0,250.0,12.0,10392.0,415.68,0.04,9976.32,2598.0,0.26039999999999996,7378.32,0.71,High,2014-05-01,5.0, May ,2014.0
Small Business,Canada, Paseo , High ,873.0,10.0,300.0,261900.0,28809.0,0.11,233091.0,218250.0,0.9362999999999999,14841.0,0.0567,Low,2014-01-01,1.0, January ,2014.0
Enterprise,Mexico, VTT , Medium ,877.0,250.0,125.0,109625.0,9866.25,0.09,99758.75,105240.0,1.0549,-5481.25,-0.05,Low,2014-11-01,11.0, November ,2014.0
Channel Partners,Germany, VTT , Medium ,880.0,250.0,12.0,10560.0,950.4,0.09,9609.6,2640.0,0.2747,6969.6,0.66,High,2014-05-01,5.0, May ,2014.0
Government,Mexico, Paseo ,None,883.0,10.0,7.0,6181.0,0.0,0.0,6181.0,4415.0,0.7143,1766.0,0.2857,Medium,2014-08-01,8.0, August ,2014.0
Government,Mexico, Carretera , High ,886.0,3.0,350.0,310100.0,37212.0,0.12,272888.0,230360.0,0.8442000000000001,42528.0,0.1371,Low,2014-06-01,6.0, June ,2014.0
Government,Mexico, Paseo , High ,886.0,10.0,350.0,310100.0,37212.0,0.12,272888.0,230360.0,0.8442000000000001,42528.0,0.1371,Low,2014-06-01,6.0, June ,2014.0
Enterprise,Germany, Carretera , Medium ,887.0,3.0,125.0,110875.0,6652.5,0.06,104222.5,106440.0,1.0212999999999999,-2217.5,-0.02,Low,2013-12-01,12.0, December ,2013.0
Small Business,Canada, Amarilla , High ,888.0,260.0,300.0,266400.0,37296.0,0.14,229104.0,222000.0,0.9690000000000001,7104.0,0.026699999999999998,Low,2014-03-01,3.0, March ,2014.0
Midmarket,Germany, Carretera ,None,888.0,3.0,15.0,13320.0,0.0,0.0,13320.0,8880.0,0.6667000000000001,4440.0,0.3333,Medium,2014-06-01,6.0, June ,2014.0
Midmarket,Germany, VTT ,None,888.0,250.0,15.0,13320.0,0.0,0.0,13320.0,8880.0,0.6667000000000001,4440.0,0.3333,Medium,2014-06-01,6.0, June ,2014.0
Government,Mexico, Paseo , High ,905.0,10.0,20.0,18100.0,2172.0,0.12,15928.0,9050.0,0.5682,6878.0,0.38,Medium,2014-10-01,10.0, October ,2014.0
Government,Mexico, Velo , High ,905.0,120.0,20.0,18100.0,2172.0,0.12,15928.0,9050.0,0.5682,6878.0,0.38,Medium,2014-10-01,10.0, October ,2014.0
Channel Partners,Canada, Carretera , Low ,908.0,3.0,12.0,10896.0,326.88,0.03,10569.12,2724.0,0.2577,7845.12,0.72,High,2013-12-01,12.0, December ,2013.0
Channel Partners,United States of America, Paseo ,None,912.0,10.0,12.0,10944.0,0.0,0.0,10944.0,2736.0,0.25,8208.0,0.75,High,2013-11-01,11.0, November ,2013.0
Channel Partners,United States of America, Paseo , High ,914.0,10.0,12.0,10968.0,1645.2,0.15,9322.8,2742.0,0.29410000000000003,6580.8,0.6,High,2014-12-01,12.0, December ,2014.0
Channel Partners,United States of America, Velo , High ,914.0,120.0,12.0,10968.0,1645.2,0.15,9322.8,2742.0,0.29410000000000003,6580.8,0.6,High,2014-12-01,12.0, December ,2014.0
Small Business,France, Paseo , Low ,918.0,10.0,300.0,275400.0,5508.0,0.02,269892.0,229500.0,0.8503000000000001,40392.0,0.1467,Low,2014-05-01,5.0, May ,2014.0
Midmarket,Germany, Montana ,None,921.0,5.0,15.0,13815.0,0.0,0.0,13815.0,9210.0,0.6667000000000001,4605.0,0.3333,Medium,2014-03-01,3.0, March ,2014.0
Government,Canada, Carretera , High ,923.0,3.0,350.0,323050.0,41996.5,0.13,281053.5,239980.0,0.8539,41073.5,0.12710000000000002,Low,2014-03-01,3.0, March ,2014.0
Enterprise,Canada, Velo , Low ,923.0,120.0,125.0,115375.0,1153.75,0.01,114221.25,110760.0,0.9697,3461.25,0.03,Low,2014-08-01,8.0, August ,2014.0
Government,France, Amarilla , Low ,941.0,260.0,20.0,18820.0,376.4,0.02,18443.6,9410.0,0.5102,9033.6,0.48,High,2014-11-01,11.0, November ,2014.0
Government,Canada, VTT , Low ,943.5,250.0,350.0,330225.0,3302.25,0.01,326922.75,245310.0,0.7504000000000001,81612.75,0.24710000000000001,Medium,2014-04-01,4.0, April ,2014.0
Enterprise,Mexico, Amarilla , High ,947.0,260.0,125.0,118375.0,13021.25,0.11,105353.75,113640.0,1.0787,-8286.25,-0.07,Low,2013-09-01,9.0, September ,2013.0
Enterprise,Canada, Velo , Medium ,952.0,120.0,125.0,119000.0,7140.0,0.06,111860.0,114240.0,1.0212999999999999,-2380.0,-0.02,Low,2014-02-01,2.0, February ,2014.0
Small Business,Mexico, Montana ,None,958.0,5.0,300.0,287400.0,0.0,0.0,287400.0,239500.0,0.8332999999999999,47900.0,0.16670000000000001,Medium,2014-08-01,8.0, August ,2014.0
Small Business,France, VTT , Medium ,959.0,250.0,300.0,287700.0,20139.0,0.07,267561.0,239750.0,0.8961,27811.0,0.0967,Low,2014-02-01,2.0, February ,2014.0
Midmarket,Germany, Amarilla , Medium ,970.0,260.0,15.0,14550.0,1309.5,0.09,13240.5,9700.0,0.7326,3540.5,0.2433,Medium,2013-11-01,11.0, November ,2013.0
Government,United States of America, Paseo , Medium ,973.0,10.0,20.0,19460.0,1751.4,0.09,17708.6,9730.0,0.5495,7978.6,0.41,High,2014-03-01,3.0, March ,2014.0
Midmarket,Mexico, Paseo ,None,974.0,10.0,15.0,14610.0,0.0,0.0,14610.0,9740.0,0.6667000000000001,4870.0,0.3333,Medium,2014-02-01,2.0, February ,2014.0
Government,Mexico, Montana , Medium ,980.0,5.0,350.0,343000.0,20580.0,0.06,322420.0,254800.0,0.7903,67620.0,0.1971,Medium,2014-04-01,4.0, April ,2014.0
Government,United States of America, Montana , High ,982.5,5.0,350.0,343875.0,44703.75,0.13,299171.25,255450.0,0.8539,43721.25,0.12710000000000002,Low,2014-01-01,1.0, January ,2014.0
Government,United States of America, Velo , High ,986.0,120.0,350.0,345100.0,41412.0,0.12,303688.0,256360.0,0.8442000000000001,47328.0,0.1371,Low,2014-10-01,10.0, October ,2014.0
Government,United States of America, VTT , High ,986.0,250.0,350.0,345100.0,41412.0,0.12,303688.0,256360.0,0.8442000000000001,47328.0,0.1371,Low,2014-10-01,10.0, October ,2014.0
Small Business,Germany, VTT , Low ,986.0,250.0,300.0,295800.0,2958.0,0.01,292842.0,246500.0,0.8418000000000001,46342.0,0.1567,Medium,2014-09-01,9.0, September ,2014.0
Small Business,United States of America, Carretera , Medium ,991.0,3.0,300.0,297300.0,14865.0,0.05,282435.0,247750.0,0.8772,34685.0,0.1167,Low,2014-06-01,6.0, June ,2014.0
Small Business,United States of America, Paseo , Medium ,991.0,10.0,300.0,297300.0,14865.0,0.05,282435.0,247750.0,0.8772,34685.0,0.1167,Low,2014-06-01,6.0, June ,2014.0
Enterprise,Germany, Amarilla , Medium ,994.0,260.0,125.0,124250.0,8697.5,0.07,115552.5,119280.0,1.0323,-3727.5,-0.03,Low,2013-09-01,9.0, September ,2013.0
Government,Germany, Velo , Medium ,1001.0,120.0,20.0,20020.0,1201.2,0.06,18818.8,10010.0,0.5318999999999999,8808.8,0.44,High,2014-08-01,8.0, August ,2014.0
Channel Partners,Mexico, VTT , High ,1005.0,250.0,12.0,12060.0,1326.6,0.11,10733.4,3015.0,0.2809,7718.4,0.64,High,2013-09-01,9.0, September ,2013.0
Government,Germany, Paseo ,None,1006.0,10.0,350.0,352100.0,0.0,0.0,352100.0,261560.0,0.7429000000000001,90540.0,0.2571,Medium,2014-06-01,6.0, June ,2014.0
Government,Germany, Velo ,None,1006.0,120.0,350.0,352100.0,0.0,0.0,352100.0,261560.0,0.7429000000000001,90540.0,0.2571,Medium,2014-06-01,6.0, June ,2014.0
Small Business,United States of America, Carretera , High ,1010.0,3.0,300.0,303000.0,42420.0,0.14,260580.0,252500.0,0.9690000000000001,8080.0,0.026699999999999998,Low,2014-10-01,10.0, October ,2014.0
Small Business,United States of America, VTT , High ,1010.0,250.0,300.0,303000.0,42420.0,0.14,260580.0,252500.0,0.9690000000000001,8080.0,0.026699999999999998,Low,2014-10-01,10.0, October ,2014.0
Channel Partners,Germany, Paseo , High ,1013.0,10.0,12.0,12156.0,1580.28,0.13,10575.72,3039.0,0.2874,7536.72,0.62,High,2014-12-01,12.0, December ,2014.0
Channel Partners,Germany, Velo , High ,1013.0,120.0,12.0,12156.0,1580.28,0.13,10575.72,3039.0,0.2874,7536.72,0.62,High,2014-12-01,12.0, December ,2014.0
Government,Germany, Carretera , Medium ,1016.0,3.0,7.0,7112.0,355.6,0.05,6756.4,5080.0,0.7519,1676.4,0.2357,Medium,2013-11-01,11.0, November ,2013.0
Enterprise,France, Carretera , High ,1023.0,3.0,125.0,127875.0,17902.5,0.14,109972.5,122760.0,1.1162999999999998,-12787.5,-0.1,Low,2013-09-01,9.0, September ,2013.0
Government,France, Paseo , Low ,1030.0,10.0,7.0,7210.0,72.1,0.01,7137.9,5150.0,0.7215,1987.9,0.2757,Medium,2014-05-01,5.0, May ,2014.0
Government,France, Paseo , Medium ,1031.0,10.0,7.0,7217.0,505.19,0.07,6711.81,5155.0,0.768,1556.81,0.2157,Medium,2013-09-01,9.0, September ,2013.0
Government,France, Velo , Medium ,1033.0,120.0,20.0,20660.0,1033.0,0.05,19627.0,10330.0,0.5263,9297.0,0.45,High,2013-12-01,12.0, December ,2013.0
Government,Mexico, Paseo , Medium ,1038.0,10.0,20.0,20760.0,1868.4,0.09,18891.6,10380.0,0.5495,8511.6,0.41,High,2014-06-01,6.0, June ,2014.0
Government,Mexico, Amarilla , Medium ,1038.0,260.0,20.0,20760.0,1868.4,0.09,18891.6,10380.0,0.5495,8511.6,0.41,High,2014-06-01,6.0, June ,2014.0
Channel Partners,France, Paseo , Low ,1055.0,10.0,12.0,12660.0,253.2,0.02,12406.8,3165.0,0.2551,9241.8,0.73,High,2014-12-01,12.0, December ,2014.0
Channel Partners,France, Velo , Low ,1055.0,120.0,12.0,12660.0,253.2,0.02,12406.8,3165.0,0.2551,9241.8,0.73,High,2014-12-01,12.0, December ,2014.0
Government,United States of America, Paseo , Low ,1056.0,10.0,20.0,21120.0,844.8,0.04,20275.2,10560.0,0.5207999999999999,9715.2,0.46,High,2014-09-01,9.0, September ,2014.0
Enterprise,Mexico, Amarilla , Low ,1074.0,260.0,125.0,134250.0,5370.0,0.04,128880.0,128880.0,1.0,0.0,0.0,Low,2014-04-01,4.0, April ,2014.0
Channel Partners,Mexico, Paseo , Low ,1084.0,10.0,12.0,13008.0,260.16,0.02,12747.84,3252.0,0.2551,9495.84,0.73,High,2014-12-01,12.0, December ,2014.0
Channel Partners,Mexico, Velo , Low ,1084.0,120.0,12.0,13008.0,260.16,0.02,12747.84,3252.0,0.2551,9495.84,0.73,High,2014-12-01,12.0, December ,2014.0
Enterprise,Germany, Carretera , High ,1085.0,3.0,125.0,135625.0,20343.75,0.15,115281.25,130200.0,1.1294,-14918.75,-0.11,Low,2014-10-01,10.0, October ,2014.0
Enterprise,Germany, Paseo , High ,1085.0,10.0,125.0,135625.0,20343.75,0.15,115281.25,130200.0,1.1294,-14918.75,-0.11,Low,2014-10-01,10.0, October ,2014.0
Small Business,Canada, Carretera , Medium ,1094.0,3.0,300.0,328200.0,29538.0,0.09,298662.0,273500.0,0.9158,25162.0,0.0767,Low,2014-06-01,6.0, June ,2014.0
Small Business,Canada, Paseo , Medium ,1094.0,10.0,300.0,328200.0,29538.0,0.09,298662.0,273500.0,0.9158,25162.0,0.0767,Low,2014-06-01,6.0, June ,2014.0
Government,Germany, Paseo , Medium ,1095.0,10.0,7.0,7665.0,613.2,0.08,7051.8,5475.0,0.7764,1576.8,0.2057,Medium,2014-05-01,5.0, May ,2014.0
Small Business,Mexico, Montana , Medium ,1100.0,5.0,300.0,330000.0,16500.0,0.05,313500.0,275000.0,0.8772,38500.0,0.1167,Low,2013-12-01,12.0, December ,2013.0
Small Business,Mexico, Amarilla , Low ,1101.0,260.0,300.0,330300.0,6606.0,0.02,323694.0,275250.0,0.8503000000000001,48444.0,0.1467,Low,2014-03-01,3.0, March ,2014.0
Enterprise,Mexico, Paseo , Medium ,1114.0,10.0,125.0,139250.0,11140.0,0.08,128110.0,133680.0,1.0434999999999999,-5570.0,-0.04,Low,2014-03-01,3.0, March ,2014.0
Channel Partners,Germany, Carretera , Medium ,1116.0,3.0,12.0,13392.0,669.6,0.05,12722.4,3348.0,0.2632,9374.4,0.7,High,2014-02-01,2.0, February ,2014.0
Government,United States of America, Carretera , Medium ,1117.5,3.0,20.0,22350.0,1341.0,0.06,21009.0,11175.0,0.5318999999999999,9834.0,0.44,High,2014-01-01,1.0, January ,2014.0
Government,Canada, Amarilla , Medium ,1118.0,260.0,20.0,22360.0,1565.2,0.07,20794.8,11180.0,0.5376,9614.8,0.43,High,2014-11-01,11.0, November ,2014.0
Government,Mexico, Paseo , High ,1122.0,10.0,20.0,22440.0,2468.4,0.11,19971.6,11220.0,0.5618,8751.6,0.39,Medium,2014-03-01,3.0, March ,2014.0
Small Business,Germany, Paseo , Medium ,1123.0,10.0,300.0,336900.0,23583.0,0.07,313317.0,280750.0,0.8961,32567.0,0.0967,Low,2013-09-01,9.0, September ,2013.0
Government,Mexico, VTT , Medium ,1123.0,250.0,20.0,22460.0,1347.6,0.06,21112.4,11230.0,0.5318999999999999,9882.4,0.44,High,2013-11-01,11.0, November ,2013.0
Channel Partners,Mexico, Amarilla , Medium ,1123.0,260.0,12.0,13476.0,673.8,0.05,12802.2,3369.0,0.2632,9433.2,0.7,High,2014-08-01,8.0, August ,2014.0
Government,Canada, Velo , Medium ,1135.0,120.0,7.0,7945.0,556.15,0.07,7388.85,5675.0,0.768,1713.85,0.2157,Medium,2014-06-01,6.0, June ,2014.0
Government,Canada, Amarilla , Medium ,1135.0,260.0,7.0,7945.0,556.15,0.07,7388.85,5675.0,0.768,1713.85,0.2157,Medium,2014-06-01,6.0, June ,2014.0
Enterprise,Mexico, Montana , Low ,1138.0,5.0,125.0,142250.0,5690.0,0.04,136560.0,136560.0,1.0,0.0,0.0,Low,2014-12-01,12.0, December ,2014.0
Enterprise,Mexico, Paseo , Low ,1138.0,10.0,125.0,142250.0,5690.0,0.04,136560.0,136560.0,1.0,0.0,0.0,Low,2014-12-01,12.0, December ,2014.0
Channel Partners,United States of America, Montana , Low ,1142.0,5.0,12.0,13704.0,274.08,0.02,13429.92,3426.0,0.2551,10003.92,0.73,High,2014-06-01,6.0, June ,2014.0
Channel Partners,United States of America, Paseo , Low ,1142.0,10.0,12.0,13704.0,274.08,0.02,13429.92,3426.0,0.2551,10003.92,0.73,High,2014-06-01,6.0, June ,2014.0
Government,United States of America, Paseo ,None,1143.0,10.0,7.0,8001.0,0.0,0.0,8001.0,5715.0,0.7143,2286.0,0.2857,Medium,2014-10-01,10.0, October ,2014.0
Government,United States of America, Amarilla ,None,1143.0,260.0,7.0,8001.0,0.0,0.0,8001.0,5715.0,0.7143,2286.0,0.2857,Medium,2014-10-01,10.0, October ,2014.0
Midmarket,United States of America, Paseo , Medium ,1153.0,10.0,15.0,17295.0,1037.7,0.06,16257.3,11530.0,0.7092,4727.3,0.2733,Medium,2014-10-01,10.0, October ,2014.0
Midmarket,United States of America, VTT , Medium ,1153.0,250.0,15.0,17295.0,1037.7,0.06,16257.3,11530.0,0.7092,4727.3,0.2733,Medium,2014-10-01,10.0, October ,2014.0
Government,Germany, Paseo , High ,1158.0,10.0,20.0,23160.0,3474.0,0.15,19686.0,11580.0,0.5882000000000001,8106.0,0.35,Medium,2014-03-01,3.0, March ,2014.0
Government,Germany, Montana , Medium ,1159.0,5.0,7.0,8113.0,405.65,0.05,7707.35,5795.0,0.7519,1912.35,0.2357,Medium,2013-10-01,10.0, October ,2013.0
Government,Germany, Amarilla , Medium ,1159.0,260.0,7.0,8113.0,405.65,0.05,7707.35,5795.0,0.7519,1912.35,0.2357,Medium,2013-10-01,10.0, October ,2013.0
Enterprise,France, Carretera , High ,1174.0,3.0,125.0,146750.0,22012.5,0.15,124737.5,140880.0,1.1294,-16142.5,-0.11,Low,2014-08-01,8.0, August ,2014.0
Midmarket,Germany, Paseo , High ,1175.0,10.0,15.0,17625.0,2643.75,0.15,14981.25,11750.0,0.7843000000000001,3231.25,0.1833,Medium,2014-10-01,10.0, October ,2014.0
Midmarket,Germany, VTT , High ,1175.0,250.0,15.0,17625.0,2643.75,0.15,14981.25,11750.0,0.7843000000000001,3231.25,0.1833,Medium,2014-10-01,10.0, October ,2014.0
Government,United States of America, Paseo , High ,1177.0,10.0,350.0,411950.0,57673.0,0.14,354277.0,306020.0,0.8637999999999999,48257.0,0.11710000000000001,Low,2014-11-01,11.0, November ,2014.0
Small Business,France, Montana , High ,1186.0,5.0,300.0,355800.0,42696.0,0.12,313104.0,296500.0,0.9470000000000001,16604.0,0.0467,Low,2013-12-01,12.0, December ,2013.0
Government,France, Velo , High ,1190.0,120.0,7.0,8330.0,1082.9,0.13,7247.1,5950.0,0.821,1297.1,0.1557,Medium,2014-06-01,6.0, June ,2014.0
Government,France, Amarilla , High ,1190.0,260.0,7.0,8330.0,1082.9,0.13,7247.1,5950.0,0.821,1297.1,0.1557,Medium,2014-06-01,6.0, June ,2014.0
Government,Mexico, Paseo , High ,1197.0,10.0,350.0,418950.0,50274.0,0.12,368676.0,311220.0,0.8442000000000001,57456.0,0.1371,Low,2014-11-01,11.0, November ,2014.0
Channel Partners,France, Carretera , High ,1198.0,3.0,12.0,14376.0,1581.36,0.11,12794.64,3594.0,0.2809,9200.64,0.64,High,2013-10-01,10.0, October ,2013.0
Channel Partners,France, Paseo , High ,1198.0,10.0,12.0,14376.0,1581.36,0.11,12794.64,3594.0,0.2809,9200.64,0.64,High,2013-10-01,10.0, October ,2013.0
Government,Germany, Montana , High ,1199.0,5.0,350.0,419650.0,58751.0,0.14,360899.0,311740.0,0.8637999999999999,49159.0,0.11710000000000001,Low,2014-04-01,4.0, April ,2014.0
Government,Mexico, Carretera , Low ,1210.0,3.0,350.0,423500.0,4235.0,0.01,419265.0,314600.0,0.7504000000000001,104665.0,0.24710000000000001,Medium,2014-03-01,3.0, March ,2014.0
Small Business,France, Velo , Medium ,1221.0,120.0,300.0,366300.0,21978.0,0.06,344322.0,305250.0,0.8865000000000001,39072.0,0.1067,Low,2013-10-01,10.0, October ,2013.0
Small Business,France, VTT , Medium ,1221.0,250.0,300.0,366300.0,21978.0,0.06,344322.0,305250.0,0.8865000000000001,39072.0,0.1067,Low,2013-10-01,10.0, October ,2013.0
Midmarket,France, Paseo , Medium ,1227.0,10.0,15.0,18405.0,1656.45,0.09,16748.55,12270.0,0.7326,4478.55,0.2433,Medium,2014-10-01,10.0, October ,2014.0
Midmarket,France, VTT , Medium ,1227.0,250.0,15.0,18405.0,1656.45,0.09,16748.55,12270.0,0.7326,4478.55,0.2433,Medium,2014-10-01,10.0, October ,2014.0
Government,Canada, Paseo , Medium ,1228.0,10.0,350.0,429800.0,21490.0,0.05,408310.0,319280.0,0.782,89030.0,0.2071,Medium,2013-10-01,10.0, October ,2013.0
Government,Canada, Amarilla , Medium ,1228.0,260.0,350.0,429800.0,21490.0,0.05,408310.0,319280.0,0.782,89030.0,0.2071,Medium,2013-10-01,10.0, October ,2013.0
Government,Mexico, Paseo , High ,1233.0,10.0,20.0,24660.0,2959.2,0.12,21700.8,12330.0,0.5682,9370.8,0.38,Medium,2014-12-01,12.0, December ,2014.0
Government,Mexico, VTT , High ,1233.0,250.0,20.0,24660.0,2959.2,0.12,21700.8,12330.0,0.5682,9370.8,0.38,Medium,2014-12-01,12.0, December ,2014.0
Government,United States of America, Amarilla , Low ,1236.0,260.0,20.0,24720.0,494.4,0.02,24225.6,12360.0,0.5102,11865.6,0.48,High,2014-11-01,11.0, November ,2014.0
Government,Canada, Montana , High ,1249.0,5.0,20.0,24980.0,3247.4,0.13,21732.6,12490.0,0.5747,9242.6,0.37,Medium,2014-10-01,10.0, October ,2014.0
Government,Canada, Paseo , High ,1249.0,10.0,20.0,24980.0,3247.4,0.13,21732.6,12490.0,0.5747,9242.6,0.37,Medium,2014-10-01,10.0, October ,2014.0
Small Business,Germany, Velo , Medium ,1250.0,120.0,300.0,375000.0,18750.0,0.05,356250.0,312500.0,0.8772,43750.0,0.1167,Low,2014-12-01,12.0, December ,2014.0
Small Business,Germany, Amarilla , Medium ,1250.0,260.0,300.0,375000.0,18750.0,0.05,356250.0,312500.0,0.8772,43750.0,0.1167,Low,2014-12-01,12.0, December ,2014.0
Government,Germany, Paseo , Medium ,1259.0,10.0,7.0,8813.0,705.04,0.08,8107.96,6295.0,0.7764,1812.96,0.2057,Medium,2014-04-01,4.0, April ,2014.0
Midmarket,Canada, Velo , Medium ,1262.0,120.0,15.0,18930.0,1325.1,0.07,17604.9,12620.0,0.7168000000000001,4984.9,0.2633,Medium,2014-05-01,5.0, May ,2014.0
Government,United States of America, VTT , Medium ,1265.0,250.0,20.0,25300.0,1265.0,0.05,24035.0,12650.0,0.5263,11385.0,0.45,High,2013-11-01,11.0, November ,2013.0
Government,Canada, Velo , Medium ,1269.0,120.0,350.0,444150.0,39973.5,0.09,404176.5,329940.0,0.8162999999999999,74236.5,0.1671,Medium,2014-10-01,10.0, October ,2014.0
Government,Canada, Amarilla , Medium ,1269.0,260.0,350.0,444150.0,39973.5,0.09,404176.5,329940.0,0.8162999999999999,74236.5,0.1671,Medium,2014-10-01,10.0, October ,2014.0
Government,France, VTT , High ,1281.0,250.0,350.0,448350.0,62769.0,0.14,385581.0,333060.0,0.8637999999999999,52521.0,0.11710000000000001,Low,2013-12-01,12.0, December ,2013.0
Government,United States of America, Montana , Medium ,1282.0,5.0,20.0,25640.0,2051.2,0.08,23588.8,12820.0,0.5435,10768.8,0.42,High,2014-06-01,6.0, June ,2014.0
Government,United States of America, Amarilla , Medium ,1282.0,260.0,20.0,25640.0,2051.2,0.08,23588.8,12820.0,0.5435,10768.8,0.42,High,2014-06-01,6.0, June ,2014.0
Small Business,Canada, Montana , Medium ,1283.0,5.0,300.0,384900.0,30792.0,0.08,354108.0,320750.0,0.9057999999999999,33358.0,0.0867,Low,2013-09-01,9.0, September ,2013.0
Enterprise,France, Montana , Low ,1287.0,5.0,125.0,160875.0,4826.25,0.03,156048.75,154440.0,0.9897,1608.75,0.01,Low,2014-12-01,12.0, December ,2014.0
Enterprise,France, Paseo , Low ,1287.0,10.0,125.0,160875.0,4826.25,0.03,156048.75,154440.0,0.9897,1608.75,0.01,Low,2014-12-01,12.0, December ,2014.0
Channel Partners,Canada, Carretera , Low ,1295.0,3.0,12.0,15540.0,310.8,0.02,15229.2,3885.0,0.2551,11344.2,0.73,High,2014-10-01,10.0, October ,2014.0
Channel Partners,Canada, Paseo , Low ,1295.0,10.0,12.0,15540.0,310.8,0.02,15229.2,3885.0,0.2551,11344.2,0.73,High,2014-10-01,10.0, October ,2014.0
Government,United States of America, Montana , High ,1298.0,5.0,7.0,9086.0,1181.18,0.13,7904.82,6490.0,0.821,1414.82,0.1557,Medium,2014-02-01,2.0, February ,2014.0
Government,France, Paseo , Medium ,1303.0,10.0,20.0,26060.0,1303.0,0.05,24757.0,13030.0,0.5263,11727.0,0.45,High,2014-02-01,2.0, February ,2014.0
Government,Germany, Velo , Medium ,1307.0,120.0,350.0,457450.0,41170.5,0.09,416279.5,339820.0,0.8162999999999999,76459.5,0.1671,Medium,2014-07-01,7.0, July ,2014.0
Government,Germany, Carretera ,None,1321.0,3.0,20.0,26420.0,0.0,0.0,26420.0,13210.0,0.5,13210.0,0.5,High,2014-01-01,1.0, January ,2014.0
Small Business,France, Paseo , Medium ,1324.0,10.0,300.0,397200.0,35748.0,0.09,361452.0,331000.0,0.9158,30452.0,0.0767,Low,2014-11-01,11.0, November ,2014.0
Government,Canada, VTT , Low ,1326.0,250.0,7.0,9282.0,92.82,0.01,9189.18,6630.0,0.7215,2559.18,0.2757,Medium,2014-03-01,3.0, March ,2014.0
Government,Mexico, Velo , Medium ,1333.0,120.0,7.0,9331.0,559.86,0.06,8771.14,6665.0,0.7598999999999999,2106.14,0.2257,Medium,2014-11-01,11.0, November ,2014.0
Government,Germany, Amarilla , Medium ,1350.0,260.0,350.0,472500.0,23625.0,0.05,448875.0,351000.0,0.782,97875.0,0.2071,Medium,2014-02-01,2.0, February ,2014.0
Government,United States of America, VTT , Medium ,1351.5,250.0,350.0,473025.0,42572.25,0.09,430452.75,351390.0,0.8162999999999999,79062.75,0.1671,Medium,2014-04-01,4.0, April ,2014.0
Small Business,Germany, Paseo , High ,1359.0,10.0,300.0,407700.0,48924.0,0.12,358776.0,339750.0,0.9470000000000001,19026.0,0.0467,Low,2014-11-01,11.0, November ,2014.0
Government,Mexico, Carretera , Medium ,1362.0,3.0,350.0,476700.0,38136.0,0.08,438564.0,354120.0,0.8075,84444.0,0.1771,Medium,2014-12-01,12.0, December ,2014.0
Government,Mexico, Paseo , Medium ,1362.0,10.0,350.0,476700.0,38136.0,0.08,438564.0,354120.0,0.8075,84444.0,0.1771,Medium,2014-12-01,12.0, December ,2014.0
Small Business,Canada, Paseo , High ,1366.0,10.0,300.0,409800.0,45078.0,0.11,364722.0,341500.0,0.9362999999999999,23222.0,0.0567,Low,2014-11-01,11.0, November ,2014.0
Government,Germany, Paseo , Medium ,1366.0,10.0,20.0,27320.0,2185.6,0.08,25134.4,13660.0,0.5435,11474.4,0.42,High,2014-06-01,6.0, June ,2014.0
Government,Germany, Amarilla , Medium ,1366.0,260.0,20.0,27320.0,2185.6,0.08,25134.4,13660.0,0.5435,11474.4,0.42,High,2014-06-01,6.0, June ,2014.0
Government,Mexico, Montana , High ,1368.0,5.0,7.0,9576.0,1436.4,0.15,8139.6,6840.0,0.8403,1299.6,0.13570000000000002,Low,2014-02-01,2.0, February ,2014.0
Channel Partners,United States of America, Paseo , Low ,1369.5,10.0,12.0,16434.0,493.02,0.03,15940.98,4108.5,0.2577,11832.48,0.72,High,2014-07-01,7.0, July ,2014.0
Small Business,United States of America, Velo , Medium ,1372.0,120.0,300.0,411600.0,28812.0,0.07,382788.0,343000.0,0.8961,39788.0,0.0967,Low,2014-12-01,12.0, December ,2014.0
Small Business,United States of America, Amarilla , Medium ,1372.0,260.0,300.0,411600.0,28812.0,0.07,382788.0,343000.0,0.8961,39788.0,0.0967,Low,2014-12-01,12.0, December ,2014.0
Government,Germany, Paseo , Medium ,1372.0,10.0,7.0,9604.0,480.2,0.05,9123.8,6860.0,0.7519,2263.8,0.2357,Medium,2014-01-01,1.0, January ,2014.0
Channel Partners,Mexico, Amarilla , Medium ,1375.0,260.0,12.0,16500.0,1320.0,0.08,15180.0,4125.0,0.2717,11055.0,0.67,High,2013-12-01,12.0, December ,2013.0
Government,France, Montana , Low ,1375.5,5.0,20.0,27510.0,275.1,0.01,27234.9,13755.0,0.5051,13479.9,0.49,High,2014-07-01,7.0, July ,2014.0
Government,France, Montana , Medium ,1384.5,5.0,350.0,484575.0,24228.75,0.05,460346.25,359970.0,0.782,100376.25,0.2071,Medium,2014-01-01,1.0, January ,2014.0
Government,Canada, Paseo , Medium ,1389.0,10.0,20.0,27780.0,1389.0,0.05,26391.0,13890.0,0.5263,12501.0,0.45,High,2013-10-01,10.0, October ,2013.0
Government,Canada, VTT , Medium ,1389.0,250.0,20.0,27780.0,1389.0,0.05,26391.0,13890.0,0.5263,12501.0,0.45,High,2013-10-01,10.0, October ,2013.0
Channel Partners,France, Paseo , High ,1393.0,10.0,12.0,16716.0,2340.24,0.14,14375.76,4179.0,0.2907,10196.76,0.61,High,2014-10-01,10.0, October ,2014.0
Channel Partners,France, Amarilla , High ,1393.0,260.0,12.0,16716.0,2340.24,0.14,14375.76,4179.0,0.2907,10196.76,0.61,High,2014-10-01,10.0, October ,2014.0
Government,Mexico, Velo , High ,1395.0,120.0,350.0,488250.0,58590.0,0.12,429660.0,362700.0,0.8442000000000001,66960.0,0.1371,Low,2014-07-01,7.0, July ,2014.0
Government,Mexico, Carretera , Low ,1397.0,3.0,350.0,488950.0,4889.5,0.01,484060.5,363220.0,0.7504000000000001,120840.5,0.24710000000000001,Medium,2014-10-01,10.0, October ,2014.0
Government,Mexico, VTT , Low ,1397.0,250.0,350.0,488950.0,4889.5,0.01,484060.5,363220.0,0.7504000000000001,120840.5,0.24710000000000001,Medium,2014-10-01,10.0, October ,2014.0
Government,France, Montana , Medium ,1403.0,5.0,7.0,9821.0,589.26,0.06,9231.74,7015.0,0.7598999999999999,2216.74,0.2257,Medium,2013-10-01,10.0, October ,2013.0
Government,France, Amarilla , Medium ,1403.0,260.0,7.0,9821.0,589.26,0.06,9231.74,7015.0,0.7598999999999999,2216.74,0.2257,Medium,2013-10-01,10.0, October ,2013.0
Small Business,Canada, Paseo , Medium ,1404.0,10.0,300.0,421200.0,29484.0,0.07,391716.0,351000.0,0.8961,40716.0,0.0967,Low,2013-11-01,11.0, November ,2013.0
Small Business,Germany, Paseo , Low ,1414.5,10.0,300.0,424350.0,16974.0,0.04,407376.0,353625.0,0.8681,53751.0,0.1267,Low,2014-04-01,4.0, April ,2014.0
Government,United States of America, Velo , Medium ,1421.0,120.0,20.0,28420.0,1989.4,0.07,26430.6,14210.0,0.5376,12220.6,0.43,High,2013-12-01,12.0, December ,2013.0
Enterprise,France, Amarilla , High ,1433.0,260.0,125.0,179125.0,19703.75,0.11,159421.25,171960.0,1.0787,-12538.75,-0.07,Low,2014-05-01,5.0, May ,2014.0
Government,United States of America, Paseo , High ,1438.5,10.0,7.0,10069.5,1309.04,0.13,8760.47,7192.5,0.821,1567.97,0.1557,Medium,2014-01-01,1.0, January ,2014.0
Channel Partners,Canada, Carretera , Low ,1445.0,3.0,12.0,17340.0,173.4,0.01,17166.6,4335.0,0.2525,12831.6,0.74,High,2014-09-01,9.0, September ,2014.0
Government,Germany, Montana , Medium ,1460.0,5.0,350.0,511000.0,30660.0,0.06,480340.0,379600.0,0.7903,100740.0,0.1971,Medium,2014-05-01,5.0, May ,2014.0
Channel Partners,United States of America, Velo , Low ,1465.0,120.0,12.0,17580.0,703.2,0.04,16876.8,4395.0,0.26039999999999996,12481.8,0.71,High,2014-03-01,3.0, March ,2014.0
Enterprise,France, Carretera , High ,1482.0,3.0,125.0,185250.0,18525.0,0.1,166725.0,177840.0,1.0667,-11115.0,-0.06,Low,2013-12-01,12.0, December ,2013.0
Government,France, VTT , High ,1491.0,250.0,7.0,10437.0,1252.44,0.12,9184.56,7455.0,0.8117,1729.56,0.16570000000000001,Medium,2014-03-01,3.0, March ,2014.0
Government,Mexico, Velo ,None,1493.0,120.0,7.0,10451.0,0.0,0.0,10451.0,7465.0,0.7143,2986.0,0.2857,Medium,2014-01-01,1.0, January ,2014.0
Government,France, Paseo , Medium ,1496.0,10.0,350.0,523600.0,31416.0,0.06,492184.0,388960.0,0.7903,103224.0,0.1971,Medium,2014-06-01,6.0, June ,2014.0
Government,France, Velo , Medium ,1496.0,120.0,350.0,523600.0,31416.0,0.06,492184.0,388960.0,0.7903,103224.0,0.1971,Medium,2014-06-01,6.0, June ,2014.0
Small Business,Canada, Carretera , High ,1496.0,3.0,300.0,448800.0,62832.0,0.14,385968.0,374000.0,0.9690000000000001,11968.0,0.026699999999999998,Low,2014-10-01,10.0, October ,2014.0
Small Business,Canada, VTT , High ,1496.0,250.0,300.0,448800.0,62832.0,0.14,385968.0,374000.0,0.9690000000000001,11968.0,0.026699999999999998,Low,2014-10-01,10.0, October ,2014.0
Government,Mexico, Velo , Medium ,1498.0,120.0,7.0,10486.0,629.16,0.06,9856.84,7490.0,0.7598999999999999,2366.84,0.2257,Medium,2014-06-01,6.0, June ,2014.0
Government,Mexico, VTT , Medium ,1498.0,250.0,7.0,10486.0,629.16,0.06,9856.84,7490.0,0.7598999999999999,2366.84,0.2257,Medium,2014-06-01,6.0, June ,2014.0
Government,Germany, Carretera ,None,1513.0,3.0,350.0,529550.0,0.0,0.0,529550.0,393380.0,0.7429000000000001,136170.0,0.2571,Medium,2014-12-01,12.0, December ,2014.0
Government,Germany, Paseo ,None,1513.0,10.0,350.0,529550.0,0.0,0.0,529550.0,393380.0,0.7429000000000001,136170.0,0.2571,Medium,2014-12-01,12.0, December ,2014.0
Midmarket,Germany, Carretera , High ,1513.0,3.0,15.0,22695.0,3177.3,0.14,19517.7,15130.0,0.7752,4387.7,0.19329999999999997,Medium,2014-11-01,11.0, November ,2014.0
Midmarket,United States of America, Paseo , Low ,1514.0,10.0,15.0,22710.0,227.1,0.01,22482.9,15140.0,0.6734,7342.9,0.3233,Medium,2014-02-01,2.0, February ,2014.0
Midmarket,Mexico, Paseo , Low ,1514.0,10.0,15.0,22710.0,908.4,0.04,21801.6,15140.0,0.6944,6661.6,0.2933,Medium,2013-10-01,10.0, October ,2013.0
Midmarket,Mexico, VTT , Low ,1514.0,250.0,15.0,22710.0,908.4,0.04,21801.6,15140.0,0.6944,6661.6,0.2933,Medium,2013-10-01,10.0, October ,2013.0
Government,Germany, Amarilla , Medium ,1520.0,260.0,20.0,30400.0,2432.0,0.08,27968.0,15200.0,0.5435,12768.0,0.42,High,2014-11-01,11.0, November ,2014.0
Government,France, VTT ,None,1527.0,250.0,350.0,534450.0,0.0,0.0,534450.0,397020.0,0.7429000000000001,137430.0,0.2571,Medium,2013-09-01,9.0, September ,2013.0
Midmarket,Germany, Velo , Medium ,1530.0,120.0,15.0,22950.0,1377.0,0.06,21573.0,15300.0,0.7092,6273.0,0.2733,Medium,2014-05-01,5.0, May ,2014.0
Government,Germany, Paseo , High ,1531.0,10.0,20.0,30620.0,3674.4,0.12,26945.6,15310.0,0.5682,11635.6,0.38,Medium,2014-12-01,12.0, December ,2014.0
Government,Germany, VTT , High ,1531.0,250.0,20.0,30620.0,3674.4,0.12,26945.6,15310.0,0.5682,11635.6,0.38,Medium,2014-12-01,12.0, December ,2014.0
Government,France, Paseo , Medium ,1535.0,10.0,20.0,30700.0,2149.0,0.07,28551.0,15350.0,0.5376,13201.0,0.43,High,2014-09-01,9.0, September ,2014.0
Enterprise,Mexico, Carretera , Medium ,1540.0,3.0,125.0,192500.0,15400.0,0.08,177100.0,184800.0,1.0434999999999999,-7700.0,-0.04,Low,2014-08-01,8.0, August ,2014.0
Channel Partners,Germany, Montana ,None,1545.0,5.0,12.0,18540.0,0.0,0.0,18540.0,4635.0,0.25,13905.0,0.75,High,2014-06-01,6.0, June ,2014.0
Channel Partners,Germany, Velo ,None,1545.0,120.0,12.0,18540.0,0.0,0.0,18540.0,4635.0,0.25,13905.0,0.75,High,2014-06-01,6.0, June ,2014.0
Midmarket,Canada, Carretera , High ,1560.0,3.0,15.0,23400.0,2574.0,0.11,20826.0,15600.0,0.7491,5226.0,0.22329999999999997,Medium,2013-11-01,11.0, November ,2013.0
Small Business,France, Montana , Medium ,1562.0,5.0,300.0,468600.0,37488.0,0.08,431112.0,390500.0,0.9057999999999999,40612.0,0.0867,Low,2014-08-01,8.0, August ,2014.0
Government,France, Carretera , Medium ,1563.0,3.0,20.0,31260.0,1563.0,0.05,29697.0,15630.0,0.5263,14067.0,0.45,High,2014-05-01,5.0, May ,2014.0
Midmarket,Canada, Paseo , High ,1565.0,10.0,15.0,23475.0,3051.75,0.13,20423.25,15650.0,0.7663,4773.25,0.20329999999999998,Medium,2014-10-01,10.0, October ,2014.0
Midmarket,Canada, VTT , High ,1565.0,250.0,15.0,23475.0,3051.75,0.13,20423.25,15650.0,0.7663,4773.25,0.20329999999999998,Medium,2014-10-01,10.0, October ,2014.0
Government,United States of America, Montana , Low ,1566.0,5.0,20.0,31320.0,626.4,0.02,30693.6,15660.0,0.5102,15033.6,0.48,High,2014-10-01,10.0, October ,2014.0
Government,United States of America, Velo , Low ,1566.0,120.0,20.0,31320.0,626.4,0.02,30693.6,15660.0,0.5102,15033.6,0.48,High,2014-10-01,10.0, October ,2014.0
Enterprise,Germany, Paseo , Low ,1570.0,10.0,125.0,196250.0,5887.5,0.03,190362.5,188400.0,0.9897,1962.5,0.01,Low,2014-06-01,6.0, June ,2014.0
Enterprise,Germany, VTT , Low ,1570.0,250.0,125.0,196250.0,5887.5,0.03,190362.5,188400.0,0.9897,1962.5,0.01,Low,2014-06-01,6.0, June ,2014.0
Enterprise,Mexico, Velo , High ,1575.0,120.0,125.0,196875.0,27562.5,0.14,169312.5,189000.0,1.1162999999999998,-19687.5,-0.1,Low,2014-02-01,2.0, February ,2014.0
Government,France, Velo , Medium ,1579.0,120.0,20.0,31580.0,1579.0,0.05,30001.0,15790.0,0.5263,14211.0,0.45,High,2014-08-01,8.0, August ,2014.0
Government,United States of America, VTT , High ,1579.0,250.0,7.0,11053.0,1215.83,0.11,9837.17,7895.0,0.8026000000000001,1942.17,0.1757,Medium,2014-03-01,3.0, March ,2014.0
Channel Partners,Germany, Carretera , Medium ,1580.0,3.0,12.0,18960.0,1706.4,0.09,17253.6,4740.0,0.2747,12513.6,0.66,High,2014-09-01,9.0, September ,2014.0
Government,Canada, Velo , Medium ,1582.0,120.0,7.0,11074.0,775.18,0.07,10298.82,7910.0,0.768,2388.82,0.2157,Medium,2014-12-01,12.0, December ,2014.0
Government,Canada, VTT , Medium ,1582.0,250.0,7.0,11074.0,775.18,0.07,10298.82,7910.0,0.768,2388.82,0.2157,Medium,2014-12-01,12.0, December ,2014.0
Enterprise,Canada, Paseo , High ,1583.0,10.0,125.0,197875.0,25723.75,0.13,172151.25,189960.0,1.1034,-17808.75,-0.09,Low,2014-06-01,6.0, June ,2014.0
Enterprise,Canada, VTT , High ,1583.0,250.0,125.0,197875.0,25723.75,0.13,172151.25,189960.0,1.1034,-17808.75,-0.09,Low,2014-06-01,6.0, June ,2014.0
Government,France, Paseo , High ,1594.0,10.0,350.0,557900.0,66948.0,0.12,490952.0,414440.0,0.8442000000000001,76512.0,0.1371,Low,2014-11-01,11.0, November ,2014.0
Enterprise,United States of America, Velo , High ,1596.0,120.0,125.0,199500.0,19950.0,0.1,179550.0,191520.0,1.0667,-11970.0,-0.06,Low,2014-09-01,9.0, September ,2014.0
Government,Germany, Paseo , Medium ,1598.0,10.0,7.0,11186.0,894.88,0.08,10291.12,7990.0,0.7764,2301.12,0.2057,Medium,2014-08-01,8.0, August ,2014.0
Small Business,Mexico, Paseo , Medium ,1607.0,10.0,300.0,482100.0,24105.0,0.05,457995.0,401750.0,0.8772,56245.0,0.1167,Low,2014-04-01,4.0, April ,2014.0
Government,Canada, Montana , Medium ,1611.0,5.0,7.0,11277.0,1014.93,0.09,10262.07,8055.0,0.7848999999999999,2207.07,0.1957,Medium,2013-12-01,12.0, December ,2013.0
Midmarket,Canada, Paseo , High ,1614.0,10.0,15.0,24210.0,3631.5,0.15,20578.5,16140.0,0.7843000000000001,4438.5,0.1833,Medium,2014-04-01,4.0, April ,2014.0
Government,Canada, Carretera ,None,1618.5,3.0,20.0,32370.0,0.0,0.0,32370.0,16185.0,0.5,16185.0,0.5,High,2014-01-01,1.0, January ,2014.0
Midmarket,Canada, Amarilla , Medium ,1630.5,260.0,15.0,24457.5,2201.18,0.09,22256.33,16305.0,0.7326,5951.33,0.2433,Medium,2014-07-01,7.0, July ,2014.0
Government,Mexico, VTT , Low ,1642.0,250.0,350.0,574700.0,17241.0,0.03,557459.0,426920.0,0.7658,130539.0,0.2271,Medium,2014-08-01,8.0, August ,2014.0
Enterprise,Canada, Amarilla , Medium ,1645.0,260.0,125.0,205625.0,14393.75,0.07,191231.25,197400.0,1.0323,-6168.75,-0.03,Low,2014-05-01,5.0, May ,2014.0
Small Business,France, Velo , Medium ,1659.0,120.0,300.0,497700.0,34839.0,0.07,462861.0,414750.0,0.8961,48111.0,0.0967,Low,2014-07-01,7.0, July ,2014.0
Enterprise,Canada, Amarilla , High ,1659.0,260.0,125.0,207375.0,26958.75,0.13,180416.25,199080.0,1.1034,-18663.75,-0.09,Low,2014-01-01,1.0, January ,2014.0
Enterprise,Mexico, Montana , Low ,1660.0,5.0,125.0,207500.0,4150.0,0.02,203350.0,199200.0,0.9795999999999999,4150.0,0.02,Low,2013-11-01,11.0, November ,2013.0
Government,France, Montana , Medium ,1666.0,5.0,350.0,583100.0,52479.0,0.09,530621.0,433160.0,0.8162999999999999,97461.0,0.1671,Medium,2014-05-01,5.0, May ,2014.0
Government,Mexico, Amarilla , Medium ,1679.0,260.0,350.0,587650.0,35259.0,0.06,552391.0,436540.0,0.7903,115851.0,0.1971,Medium,2014-09-01,9.0, September ,2014.0
Government,Mexico, Amarilla , Medium ,1683.0,260.0,7.0,11781.0,589.05,0.05,11191.95,8415.0,0.7519,2776.95,0.2357,Medium,2014-07-01,7.0, July ,2014.0
Government,Germany, Amarilla ,None,1686.0,260.0,7.0,11802.0,0.0,0.0,11802.0,8430.0,0.7143,3372.0,0.2857,Medium,2014-07-01,7.0, July ,2014.0
Government,Mexico, Amarilla , Medium ,1694.0,260.0,20.0,33880.0,3049.2,0.09,30830.8,16940.0,0.5495,13890.8,0.41,High,2014-11-01,11.0, November ,2014.0
Small Business,Canada, Paseo , Medium ,1702.0,10.0,300.0,510600.0,35742.0,0.07,474858.0,425500.0,0.8961,49358.0,0.0967,Low,2014-05-01,5.0, May ,2014.0
Enterprise,Germany, Montana , Low ,1706.0,5.0,125.0,213250.0,6397.5,0.03,206852.5,204720.0,0.9897,2132.5,0.01,Low,2014-12-01,12.0, December ,2014.0
Enterprise,Germany, Paseo , Low ,1706.0,10.0,125.0,213250.0,6397.5,0.03,206852.5,204720.0,0.9897,2132.5,0.01,Low,2014-12-01,12.0, December ,2014.0
Government,Mexico, Montana , High ,1715.0,5.0,20.0,34300.0,4116.0,0.12,30184.0,17150.0,0.5682,13034.0,0.38,Medium,2013-10-01,10.0, October ,2013.0
Government,Mexico, Paseo , High ,1715.0,10.0,20.0,34300.0,4116.0,0.12,30184.0,17150.0,0.5682,13034.0,0.38,Medium,2013-10-01,10.0, October ,2013.0
Government,Canada, Paseo ,None,1725.0,10.0,350.0,603750.0,0.0,0.0,603750.0,448500.0,0.7429000000000001,155250.0,0.2571,Medium,2013-11-01,11.0, November ,2013.0
Government,Mexico, Montana , High ,1727.0,5.0,7.0,12089.0,1692.46,0.14,10396.54,8635.0,0.8306,1761.54,0.1457,Low,2013-10-01,10.0, October ,2013.0
Government,Mexico, Amarilla , High ,1727.0,260.0,7.0,12089.0,1692.46,0.14,10396.54,8635.0,0.8306,1761.54,0.1457,Low,2013-10-01,10.0, October ,2013.0
Small Business,Germany, Paseo , Low ,1728.0,10.0,300.0,518400.0,10368.0,0.02,508032.0,432000.0,0.8503000000000001,76032.0,0.1467,Low,2014-05-01,5.0, May ,2014.0
Government,France, Paseo , High ,1731.0,10.0,7.0,12117.0,1696.38,0.14,10420.62,8655.0,0.8306,1765.62,0.1457,Low,2014-10-01,10.0, October ,2014.0
Government,France, Amarilla , High ,1731.0,260.0,7.0,12117.0,1696.38,0.14,10420.62,8655.0,0.8306,1765.62,0.1457,Low,2014-10-01,10.0, October ,2014.0
Channel Partners,France, VTT , High ,1734.0,250.0,12.0,20808.0,2288.88,0.11,18519.12,5202.0,0.2809,13317.12,0.64,High,2014-01-01,1.0, January ,2014.0
Channel Partners,France, VTT , Medium ,1738.5,250.0,12.0,20862.0,1460.34,0.07,19401.66,5215.5,0.2688,14186.16,0.68,High,2014-04-01,4.0, April ,2014.0
Government,United States of America, Carretera , High ,1743.0,3.0,20.0,34860.0,4880.4,0.14,29979.6,17430.0,0.5814,12549.6,0.36,Medium,2014-05-01,5.0, May ,2014.0
Midmarket,Germany, Paseo , Medium ,1743.0,10.0,15.0,26145.0,1568.7,0.06,24576.3,17430.0,0.7092,7146.3,0.2733,Medium,2014-08-01,8.0, August ,2014.0
Midmarket,Canada, Paseo , High ,1743.0,10.0,15.0,26145.0,3660.3,0.14,22484.7,17430.0,0.7752,5054.7,0.19329999999999997,Medium,2013-10-01,10.0, October ,2013.0
Midmarket,Canada, Amarilla , High ,1743.0,260.0,15.0,26145.0,3660.3,0.14,22484.7,17430.0,0.7752,5054.7,0.19329999999999997,Medium,2013-10-01,10.0, October ,2013.0
Enterprise,France, VTT , Low ,1744.0,250.0,125.0,218000.0,2180.0,0.01,215820.0,209280.0,0.9697,6540.0,0.03,Low,2014-11-01,11.0, November ,2014.0
Government,France, Montana , Medium ,1757.0,5.0,20.0,35140.0,2108.4,0.06,33031.6,17570.0,0.5318999999999999,15461.6,0.44,High,2013-10-01,10.0, October ,2013.0
Government,France, Paseo , Medium ,1757.0,10.0,20.0,35140.0,2108.4,0.06,33031.6,17570.0,0.5318999999999999,15461.6,0.44,High,2013-10-01,10.0, October ,2013.0
Government,Mexico, Paseo , Low ,1760.0,10.0,7.0,12320.0,369.6,0.03,11950.4,8800.0,0.7364,3150.4,0.2557,Medium,2013-09-01,9.0, September ,2013.0
Government,United States of America, Carretera , Medium ,1761.0,3.0,350.0,616350.0,43144.5,0.07,573205.5,457860.0,0.7988,115345.5,0.18710000000000002,Medium,2014-03-01,3.0, March ,2014.0
Midmarket,United States of America, Paseo , High ,1767.0,10.0,15.0,26505.0,3710.7,0.14,22794.3,17670.0,0.7752,5124.3,0.19329999999999997,Medium,2014-09-01,9.0, September ,2014.0
Channel Partners,Germany, Amarilla , High ,1770.0,260.0,12.0,21240.0,2761.2,0.13,18478.8,5310.0,0.2874,13168.8,0.62,High,2013-12-01,12.0, December ,2013.0
Small Business,France, Montana , High ,1773.0,5.0,300.0,531900.0,63828.0,0.12,468072.0,443250.0,0.9470000000000001,24822.0,0.0467,Low,2014-04-01,4.0, April ,2014.0
Enterprise,Canada, Paseo , Low ,1774.0,10.0,125.0,221750.0,6652.5,0.03,215097.5,212880.0,0.9897,2217.5,0.01,Low,2014-03-01,3.0, March ,2014.0
Channel Partners,Germany, Paseo , Medium ,1775.0,10.0,12.0,21300.0,1917.0,0.09,19383.0,5325.0,0.2747,14058.0,0.66,High,2013-11-01,11.0, November ,2013.0
Government,Canada, Amarilla , Low ,1778.0,260.0,350.0,622300.0,24892.0,0.04,597408.0,462280.0,0.7737999999999999,135128.0,0.21710000000000002,Medium,2013-12-01,12.0, December ,2013.0
Channel Partners,France, Paseo , Low ,1785.0,10.0,12.0,21420.0,428.4,0.02,20991.6,5355.0,0.2551,15636.6,0.73,High,2013-11-01,11.0, November ,2013.0
Government,France, Carretera , High ,1790.0,3.0,350.0,626500.0,81445.0,0.13,545055.0,465400.0,0.8539,79655.0,0.12710000000000002,Low,2014-03-01,3.0, March ,2014.0
Government,Germany, Montana , Low ,1797.0,5.0,350.0,628950.0,18868.5,0.03,610081.5,467220.0,0.7658,142861.5,0.2271,Medium,2013-09-01,9.0, September ,2013.0
Government,Canada, Paseo , Medium ,1802.0,10.0,20.0,36040.0,1802.0,0.05,34238.0,18020.0,0.5263,16218.0,0.45,High,2013-12-01,12.0, December ,2013.0
Enterprise,France, Velo ,None,1804.0,120.0,125.0,225500.0,0.0,0.0,225500.0,216480.0,0.96,9020.0,0.04,Low,2014-02-01,2.0, February ,2014.0
Enterprise,United States of America, Montana , High ,1804.0,5.0,125.0,225500.0,22550.0,0.1,202950.0,216480.0,1.0667,-13530.0,-0.06,Low,2013-11-01,11.0, November ,2013.0
Channel Partners,United States of America, VTT , High ,1806.0,250.0,12.0,21672.0,3250.8,0.15,18421.2,5418.0,0.29410000000000003,13003.2,0.6,High,2014-05-01,5.0, May ,2014.0
Government,Canada, Velo , High ,1808.0,120.0,7.0,12656.0,1392.16,0.11,11263.84,9040.0,0.8026000000000001,2223.84,0.1757,Medium,2014-11-01,11.0, November ,2014.0
Government,Canada, Paseo ,None,1817.0,10.0,20.0,36340.0,0.0,0.0,36340.0,18170.0,0.5,18170.0,0.5,High,2014-12-01,12.0, December ,2014.0
Government,Canada, VTT ,None,1817.0,250.0,20.0,36340.0,0.0,0.0,36340.0,18170.0,0.5,18170.0,0.5,High,2014-12-01,12.0, December ,2014.0
Enterprise,Mexico, Paseo , Low ,1823.0,10.0,125.0,227875.0,2278.75,0.01,225596.25,218760.0,0.9697,6836.25,0.03,Low,2014-07-01,7.0, July ,2014.0
Government,Canada, Montana , Low ,1830.0,5.0,7.0,12810.0,128.1,0.01,12681.9,9150.0,0.7215,3531.9,0.2757,Medium,2014-08-01,8.0, August ,2014.0
Government,Mexico, Carretera , Medium ,1834.0,3.0,20.0,36680.0,2567.6,0.07,34112.4,18340.0,0.5376,15772.4,0.43,High,2013-09-01,9.0, September ,2013.0
Enterprise,France, Montana , Medium ,1857.0,5.0,125.0,232125.0,20891.25,0.09,211233.75,222840.0,1.0549,-11606.25,-0.05,Low,2013-11-01,11.0, November ,2013.0
Channel Partners,United States of America, Carretera , Low ,1858.0,3.0,12.0,22296.0,222.96,0.01,22073.04,5574.0,0.2525,16499.04,0.74,High,2014-02-01,2.0, February ,2014.0
Small Business,Germany, Montana , Low ,1859.0,5.0,300.0,557700.0,22308.0,0.04,535392.0,464750.0,0.8681,70642.0,0.1267,Low,2014-08-01,8.0, August ,2014.0
Government,Mexico, Amarilla , Low ,1865.0,260.0,350.0,652750.0,26110.0,0.04,626640.0,484900.0,0.7737999999999999,141740.0,0.21710000000000002,Medium,2014-02-01,2.0, February ,2014.0
Channel Partners,France, Carretera , Medium ,1865.0,3.0,12.0,22380.0,1119.0,0.05,21261.0,5595.0,0.2632,15666.0,0.7,High,2014-02-01,2.0, February ,2014.0
Small Business,United States of America, VTT , Medium ,1867.0,250.0,300.0,560100.0,50409.0,0.09,509691.0,466750.0,0.9158,42941.0,0.0767,Low,2014-09-01,9.0, September ,2014.0
Government,Germany, VTT , High ,1870.0,250.0,350.0,654500.0,65450.0,0.1,589050.0,486200.0,0.8254,102850.0,0.15710000000000002,Medium,2013-12-01,12.0, December ,2013.0
Midmarket,Mexico, Amarilla , High ,1870.0,260.0,15.0,28050.0,3927.0,0.14,24123.0,18700.0,0.7752,5423.0,0.19329999999999997,Medium,2013-11-01,11.0, November ,2013.0
Small Business,Canada, VTT , Low ,1874.0,250.0,300.0,562200.0,16866.0,0.03,545334.0,468500.0,0.8591,76834.0,0.1367,Low,2014-08-01,8.0, August ,2014.0
Channel Partners,Canada, Carretera , Medium ,1884.0,3.0,12.0,22608.0,1582.56,0.07,21025.44,5652.0,0.2688,15373.44,0.68,High,2014-08-01,8.0, August ,2014.0
Government,France, Montana ,None,1899.0,5.0,20.0,37980.0,0.0,0.0,37980.0,18990.0,0.5,18990.0,0.5,High,2014-06-01,6.0, June ,2014.0
Government,France, Amarilla ,None,1899.0,260.0,20.0,37980.0,0.0,0.0,37980.0,18990.0,0.5,18990.0,0.5,High,2014-06-01,6.0, June ,2014.0
Channel Partners,France, Montana , Low ,1901.0,5.0,12.0,22812.0,684.36,0.03,22127.64,5703.0,0.2577,16424.64,0.72,High,2014-06-01,6.0, June ,2014.0
Channel Partners,France, Paseo , Low ,1901.0,10.0,12.0,22812.0,684.36,0.03,22127.64,5703.0,0.2577,16424.64,0.72,High,2014-06-01,6.0, June ,2014.0
Government,Germany, Amarilla , Low ,1907.0,260.0,350.0,667450.0,26698.0,0.04,640752.0,495820.0,0.7737999999999999,144932.0,0.21710000000000002,Medium,2014-09-01,9.0, September ,2014.0
Small Business,Canada, Paseo , Low ,1916.0,10.0,300.0,574800.0,11496.0,0.02,563304.0,479000.0,0.8503000000000001,84304.0,0.1467,Low,2014-12-01,12.0, December ,2014.0
Small Business,Canada, Amarilla , Low ,1916.0,260.0,300.0,574800.0,11496.0,0.02,563304.0,479000.0,0.8503000000000001,84304.0,0.1467,Low,2014-12-01,12.0, December ,2014.0
Channel Partners,Mexico, VTT , Low ,1916.0,250.0,12.0,22992.0,689.76,0.03,22302.24,5748.0,0.2577,16554.24,0.72,High,2014-04-01,4.0, April ,2014.0
Enterprise,Canada, Velo , High ,1916.0,120.0,125.0,239500.0,23950.0,0.1,215550.0,229920.0,1.0667,-14370.0,-0.06,Low,2013-12-01,12.0, December ,2013.0
Government,France, Paseo , High ,1922.0,10.0,350.0,672700.0,94178.0,0.14,578522.0,499720.0,0.8637999999999999,78802.0,0.11710000000000001,Low,2013-11-01,11.0, November ,2013.0
Midmarket,United States of America, Paseo , Low ,1925.0,10.0,15.0,28875.0,577.5,0.02,28297.5,19250.0,0.6803,9047.5,0.31329999999999997,Medium,2013-12-01,12.0, December ,2013.0
Government,Germany, Paseo , Medium ,1934.0,10.0,20.0,38680.0,3094.4,0.08,35585.6,19340.0,0.5435,16245.6,0.42,High,2014-09-01,9.0, September ,2014.0
Channel Partners,Canada, Carretera , High ,1937.0,3.0,12.0,23244.0,2556.84,0.11,20687.16,5811.0,0.2809,14876.16,0.64,High,2014-02-01,2.0, February ,2014.0
Government,Mexico, VTT , Low ,1940.0,250.0,350.0,679000.0,13580.0,0.02,665420.0,504400.0,0.758,161020.0,0.2371,Medium,2013-12-01,12.0, December ,2013.0
Midmarket,Germany, Paseo , Low ,1945.0,10.0,15.0,29175.0,875.25,0.03,28299.75,19450.0,0.6873,8849.75,0.30329999999999996,Medium,2013-10-01,10.0, October ,2013.0
Midmarket,Germany, VTT , Low ,1945.0,250.0,15.0,29175.0,875.25,0.03,28299.75,19450.0,0.6873,8849.75,0.30329999999999996,Medium,2013-10-01,10.0, October ,2013.0
Government,Mexico, Paseo , Medium ,1946.0,10.0,7.0,13622.0,1089.76,0.08,12532.24,9730.0,0.7764,2802.24,0.2057,Medium,2013-12-01,12.0, December ,2013.0
Channel Partners,United States of America, Carretera , Low ,1947.0,3.0,12.0,23364.0,700.92,0.03,22663.08,5841.0,0.2577,16822.08,0.72,High,2014-09-01,9.0, September ,2014.0
Channel Partners,United States of America, Amarilla ,None,1953.0,260.0,12.0,23436.0,0.0,0.0,23436.0,5859.0,0.25,17577.0,0.75,High,2014-04-01,4.0, April ,2014.0
Government,France, Paseo , High ,1954.0,10.0,20.0,39080.0,3908.0,0.1,35172.0,19540.0,0.5556,15632.0,0.4,Medium,2014-03-01,3.0, March ,2014.0
Channel Partners,United States of America, VTT , Medium ,1956.0,250.0,12.0,23472.0,2112.48,0.09,21359.52,5868.0,0.2747,15491.52,0.66,High,2014-01-01,1.0, January ,2014.0
Government,Germany, Montana , Low ,1958.0,5.0,7.0,13706.0,411.18,0.03,13294.82,9790.0,0.7364,3504.82,0.2557,Medium,2014-02-01,2.0, February ,2014.0
Channel Partners,France, Velo , Medium ,1967.0,120.0,12.0,23604.0,2124.36,0.09,21479.64,5901.0,0.2747,15578.64,0.66,High,2014-03-01,3.0, March ,2014.0
Midmarket,Canada, Montana , Low ,1967.0,5.0,15.0,29505.0,1180.2,0.04,28324.8,19670.0,0.6944,8654.8,0.2933,Medium,2014-03-01,3.0, March ,2014.0
Government,France, Montana , Medium ,1976.0,5.0,20.0,39520.0,2766.4,0.07,36753.6,19760.0,0.5376,16993.6,0.43,High,2014-10-01,10.0, October ,2014.0
Government,France, Velo , Medium ,1976.0,120.0,20.0,39520.0,2766.4,0.07,36753.6,19760.0,0.5376,16993.6,0.43,High,2014-10-01,10.0, October ,2014.0
Midmarket,Mexico, Paseo , High ,1984.0,10.0,15.0,29760.0,3273.6,0.11,26486.4,19840.0,0.7491,6646.4,0.22329999999999997,Medium,2014-08-01,8.0, August ,2014.0
Enterprise,France, Amarilla , Medium ,1987.5,260.0,125.0,248437.5,14906.25,0.06,233531.25,238500.0,1.0212999999999999,-4968.75,-0.02,Low,2014-01-01,1.0, January ,2014.0
Channel Partners,United States of America, Amarilla , Low ,1989.0,260.0,12.0,23868.0,238.68,0.01,23629.32,5967.0,0.2525,17662.32,0.74,High,2013-09-01,9.0, September ,2013.0
Small Business,Canada, VTT ,None,2001.0,250.0,300.0,600300.0,0.0,0.0,600300.0,500250.0,0.8332999999999999,100050.0,0.16670000000000001,Medium,2014-02-01,2.0, February ,2014.0
Government,United States of America, Paseo , High ,2007.0,10.0,350.0,702450.0,105367.5,0.15,597082.5,521820.0,0.8739,75262.5,0.10710000000000001,Low,2013-11-01,11.0, November ,2013.0
Enterprise,Canada, Paseo , Low ,2009.0,10.0,125.0,251125.0,7533.75,0.03,243591.25,241080.0,0.9897,2511.25,0.01,Low,2014-10-01,10.0, October ,2014.0
Enterprise,Canada, Velo , Low ,2009.0,120.0,125.0,251125.0,7533.75,0.03,243591.25,241080.0,0.9897,2511.25,0.01,Low,2014-10-01,10.0, October ,2014.0
Government,United States of America, Paseo , Low ,2013.0,10.0,7.0,14091.0,281.82,0.02,13809.18,10065.0,0.7289,3744.18,0.2657,Medium,2013-12-01,12.0, December ,2013.0
Channel Partners,United States of America, Amarilla , High ,2015.0,260.0,12.0,24180.0,3385.2,0.14,20794.8,6045.0,0.2907,14749.8,0.61,High,2013-12-01,12.0, December ,2013.0
Small Business,Germany, Carretera , Low ,2021.0,3.0,300.0,606300.0,24252.0,0.04,582048.0,505250.0,0.8681,76798.0,0.1267,Low,2014-10-01,10.0, October ,2014.0
Small Business,Germany, Montana , Low ,2021.0,5.0,300.0,606300.0,24252.0,0.04,582048.0,505250.0,0.8681,76798.0,0.1267,Low,2014-10-01,10.0, October ,2014.0
Midmarket,United States of America, Carretera , Medium ,2030.0,3.0,15.0,30450.0,1827.0,0.06,28623.0,20300.0,0.7092,8323.0,0.2733,Medium,2014-11-01,11.0, November ,2014.0
Midmarket,Mexico, Montana , Low ,2031.0,5.0,15.0,30465.0,1218.6,0.04,29246.4,20310.0,0.6944,8936.4,0.2933,Medium,2014-10-01,10.0, October ,2014.0
Midmarket,Mexico, Paseo , Low ,2031.0,10.0,15.0,30465.0,1218.6,0.04,29246.4,20310.0,0.6944,8936.4,0.2933,Medium,2014-10-01,10.0, October ,2014.0
Government,Mexico, Amarilla , High ,2039.0,260.0,20.0,40780.0,4078.0,0.1,36702.0,20390.0,0.5556,16312.0,0.4,Medium,2014-05-01,5.0, May ,2014.0
Government,United States of America, Amarilla , Medium ,2071.0,260.0,350.0,724850.0,65236.5,0.09,659613.5,538460.0,0.8162999999999999,121153.5,0.1671,Medium,2014-09-01,9.0, September ,2014.0
Midmarket,France, Montana , High ,2072.0,5.0,15.0,31080.0,3108.0,0.1,27972.0,20720.0,0.7406999999999999,7252.0,0.23329999999999998,Medium,2014-12-01,12.0, December ,2014.0
Midmarket,France, Amarilla , High ,2072.0,260.0,15.0,31080.0,3108.0,0.1,27972.0,20720.0,0.7406999999999999,7252.0,0.23329999999999998,Medium,2014-12-01,12.0, December ,2014.0
Government,Canada, Paseo , Low ,2074.0,10.0,20.0,41480.0,1659.2,0.04,39820.8,20740.0,0.5207999999999999,19080.8,0.46,High,2014-09-01,9.0, September ,2014.0
Government,France, Velo , Medium ,2076.0,120.0,350.0,726600.0,43596.0,0.06,683004.0,539760.0,0.7903,143244.0,0.1971,Medium,2013-10-01,10.0, October ,2013.0
Government,France, Amarilla , Medium ,2076.0,260.0,350.0,726600.0,43596.0,0.06,683004.0,539760.0,0.7903,143244.0,0.1971,Medium,2013-10-01,10.0, October ,2013.0
Enterprise,Germany, Velo , Medium ,2087.0,120.0,125.0,260875.0,18261.25,0.07,242613.75,250440.0,1.0323,-7826.25,-0.03,Low,2014-09-01,9.0, September ,2014.0
Government,Canada, Velo , Low ,2092.0,120.0,7.0,14644.0,146.44,0.01,14497.56,10460.0,0.7215,4037.56,0.2757,Medium,2013-11-01,11.0, November ,2013.0
Midmarket,France, Paseo , Medium ,2101.0,10.0,15.0,31515.0,2206.05,0.07,29308.95,21010.0,0.7168000000000001,8298.95,0.2633,Medium,2014-08-01,8.0, August ,2014.0
Government,Canada, Paseo , High ,2104.5,10.0,350.0,736575.0,81023.25,0.11,655551.75,547170.0,0.8347,108381.75,0.1471,Low,2014-07-01,7.0, July ,2014.0
Channel Partners,Canada, VTT , High ,2109.0,250.0,12.0,25308.0,3036.96,0.12,22271.04,6327.0,0.2841,15944.04,0.63,High,2014-05-01,5.0, May ,2014.0
Enterprise,Mexico, Velo , Medium ,2110.0,120.0,125.0,263750.0,23737.5,0.09,240012.5,253200.0,1.0549,-13187.5,-0.05,Low,2014-09-01,9.0, September ,2014.0
Midmarket,Germany, Paseo , Medium ,2116.0,10.0,15.0,31740.0,1587.0,0.05,30153.0,21160.0,0.7018000000000001,8993.0,0.2833,Medium,2013-12-01,12.0, December ,2013.0
Government,Germany, Paseo , Medium ,2125.0,10.0,7.0,14875.0,1041.25,0.07,13833.75,10625.0,0.768,3208.75,0.2157,Medium,2013-12-01,12.0, December ,2013.0
Small Business,Canada, VTT , Medium ,2134.0,250.0,300.0,640200.0,51216.0,0.08,588984.0,533500.0,0.9057999999999999,55484.0,0.0867,Low,2014-09-01,9.0, September ,2014.0
Government,France, Paseo , Medium ,2136.0,10.0,7.0,14952.0,747.6,0.05,14204.4,10680.0,0.7519,3524.4,0.2357,Medium,2013-12-01,12.0, December ,2013.0
Channel Partners,United States of America, Amarilla ,None,2141.0,260.0,12.0,25692.0,0.0,0.0,25692.0,6423.0,0.25,19269.0,0.75,High,2014-08-01,8.0, August ,2014.0
Enterprise,Mexico, Paseo , Low ,2145.0,10.0,125.0,268125.0,5362.5,0.02,262762.5,257400.0,0.9795999999999999,5362.5,0.02,Low,2013-10-01,10.0, October ,2013.0
Enterprise,Mexico, Velo , Low ,2145.0,120.0,125.0,268125.0,5362.5,0.02,262762.5,257400.0,0.9795999999999999,5362.5,0.02,Low,2013-10-01,10.0, October ,2013.0
Government,France, Carretera , Low ,2145.0,3.0,7.0,15015.0,300.3,0.02,14714.7,10725.0,0.7289,3989.7,0.2657,Medium,2013-11-01,11.0, November ,2013.0
Government,Germany, Paseo , Medium ,2146.0,10.0,350.0,751100.0,60088.0,0.08,691012.0,557960.0,0.8075,133052.0,0.1771,Medium,2013-11-01,11.0, November ,2013.0
Government,Germany, Montana ,None,2146.0,5.0,7.0,15022.0,0.0,0.0,15022.0,10730.0,0.7143,4292.0,0.2857,Medium,2014-09-01,9.0, September ,2014.0
Small Business,Mexico, Paseo , High ,2150.0,10.0,300.0,645000.0,77400.0,0.12,567600.0,537500.0,0.9470000000000001,30100.0,0.0467,Low,2014-11-01,11.0, November ,2014.0
Small Business,France, VTT ,None,2151.0,250.0,300.0,645300.0,0.0,0.0,645300.0,537750.0,0.8332999999999999,107550.0,0.16670000000000001,Medium,2014-09-01,9.0, September ,2014.0
Government,Mexico, Paseo , High ,2151.0,10.0,350.0,752850.0,112927.5,0.15,639922.5,559260.0,0.8739,80662.5,0.10710000000000001,Low,2013-11-01,11.0, November ,2013.0
Midmarket,Canada, Paseo ,None,2152.0,10.0,15.0,32280.0,0.0,0.0,32280.0,21520.0,0.6667000000000001,10760.0,0.3333,Medium,2013-12-01,12.0, December ,2013.0
Government,France, Carretera , Low ,2155.0,3.0,350.0,754250.0,7542.5,0.01,746707.5,560300.0,0.7504000000000001,186407.5,0.24710000000000001,Medium,2014-12-01,12.0, December ,2014.0
Government,France, Paseo , Low ,2155.0,10.0,350.0,754250.0,7542.5,0.01,746707.5,560300.0,0.7504000000000001,186407.5,0.24710000000000001,Medium,2014-12-01,12.0, December ,2014.0
Enterprise,Mexico, Carretera , High ,2156.0,3.0,125.0,269500.0,32340.0,0.12,237160.0,258720.0,1.0909,-21560.0,-0.08,Low,2014-10-01,10.0, October ,2014.0
Enterprise,Mexico, Paseo , High ,2156.0,10.0,125.0,269500.0,32340.0,0.12,237160.0,258720.0,1.0909,-21560.0,-0.08,Low,2014-10-01,10.0, October ,2014.0
Midmarket,Mexico, Montana , High ,2157.0,5.0,15.0,32355.0,3559.05,0.11,28795.95,21570.0,0.7491,7225.95,0.22329999999999997,Medium,2014-12-01,12.0, December ,2014.0
Midmarket,Mexico, Amarilla , High ,2157.0,260.0,15.0,32355.0,3559.05,0.11,28795.95,21570.0,0.7491,7225.95,0.22329999999999997,Medium,2014-12-01,12.0, December ,2014.0
Channel Partners,Germany, Velo ,None,2161.0,120.0,12.0,25932.0,0.0,0.0,25932.0,6483.0,0.25,19449.0,0.75,High,2014-03-01,3.0, March ,2014.0
Midmarket,France, Paseo , High ,2167.0,10.0,15.0,32505.0,3250.5,0.1,29254.5,21670.0,0.7406999999999999,7584.5,0.23329999999999998,Medium,2013-10-01,10.0, October ,2013.0
Midmarket,France, VTT , High ,2167.0,250.0,15.0,32505.0,3250.5,0.1,29254.5,21670.0,0.7406999999999999,7584.5,0.23329999999999998,Medium,2013-10-01,10.0, October ,2013.0
Government,France, Velo , Low ,2177.0,120.0,350.0,761950.0,30478.0,0.04,731472.0,566020.0,0.7737999999999999,165452.0,0.21710000000000002,Medium,2014-10-01,10.0, October ,2014.0
Government,France, VTT , Low ,2177.0,250.0,350.0,761950.0,30478.0,0.04,731472.0,566020.0,0.7737999999999999,165452.0,0.21710000000000002,Medium,2014-10-01,10.0, October ,2014.0
Midmarket,France, Carretera ,None,2178.0,3.0,15.0,32670.0,0.0,0.0,32670.0,21780.0,0.6667000000000001,10890.0,0.3333,Medium,2014-06-01,6.0, June ,2014.0
Midmarket,France, VTT ,None,2178.0,250.0,15.0,32670.0,0.0,0.0,32670.0,21780.0,0.6667000000000001,10890.0,0.3333,Medium,2014-06-01,6.0, June ,2014.0
Small Business,France, Carretera , Medium ,2181.0,3.0,300.0,654300.0,45801.0,0.07,608499.0,545250.0,0.8961,63249.0,0.0967,Low,2014-10-01,10.0, October ,2014.0
Small Business,France, Montana , Medium ,2181.0,5.0,300.0,654300.0,45801.0,0.07,608499.0,545250.0,0.8961,63249.0,0.0967,Low,2014-10-01,10.0, October ,2014.0
Midmarket,United States of America, Paseo , Medium ,2198.0,10.0,15.0,32970.0,1978.2,0.06,30991.8,21980.0,0.7092,9011.8,0.2733,Medium,2014-08-01,8.0, August ,2014.0
Midmarket,Mexico, Montana , Low ,2214.0,5.0,15.0,33210.0,332.1,0.01,32877.9,22140.0,0.6734,10737.9,0.3233,Medium,2014-03-01,3.0, March ,2014.0
Channel Partners,Germany, VTT , Medium ,2215.0,250.0,12.0,26580.0,1860.6,0.07,24719.4,6645.0,0.2688,18074.4,0.68,High,2013-09-01,9.0, September ,2013.0
Channel Partners,Canada, Paseo , High ,2222.0,10.0,12.0,26664.0,3732.96,0.14,22931.04,6666.0,0.2907,16265.04,0.61,High,2013-11-01,11.0, November ,2013.0
Government,Canada, Montana , High ,2227.5,5.0,350.0,779625.0,109147.5,0.14,670477.5,579150.0,0.8637999999999999,91327.5,0.11710000000000001,Low,2014-01-01,1.0, January ,2014.0
Channel Partners,France, VTT , Medium ,2234.0,250.0,12.0,26808.0,2412.72,0.09,24395.28,6702.0,0.2747,17693.28,0.66,High,2013-09-01,9.0, September ,2013.0
Government,Canada, Amarilla , High ,2240.0,260.0,350.0,784000.0,78400.0,0.1,705600.0,582400.0,0.8254,123200.0,0.15710000000000002,Medium,2014-02-01,2.0, February ,2014.0
Government,Mexico, Montana , High ,2255.0,5.0,20.0,45100.0,5863.0,0.13,39237.0,22550.0,0.5747,16687.0,0.37,Medium,2014-07-01,7.0, July ,2014.0
Midmarket,France, Paseo , Low ,2261.0,10.0,15.0,33915.0,1356.6,0.04,32558.4,22610.0,0.6944,9948.4,0.2933,Medium,2013-12-01,12.0, December ,2013.0
Enterprise,Germany, Amarilla , Low ,2276.0,260.0,125.0,284500.0,5690.0,0.02,278810.0,273120.0,0.9795999999999999,5690.0,0.02,Low,2014-05-01,5.0, May ,2014.0
Small Business,United States of America, Velo , High ,2294.0,120.0,300.0,688200.0,68820.0,0.1,619380.0,573500.0,0.9259000000000001,45880.0,0.0667,Low,2013-10-01,10.0, October ,2013.0
Small Business,United States of America, VTT , High ,2294.0,250.0,300.0,688200.0,68820.0,0.1,619380.0,573500.0,0.9259000000000001,45880.0,0.0667,Low,2013-10-01,10.0, October ,2013.0
Midmarket,France, Paseo , Low ,2296.0,10.0,15.0,34440.0,344.4,0.01,34095.6,22960.0,0.6734,11135.6,0.3233,Medium,2014-02-01,2.0, February ,2014.0
Government,Germany, VTT , Medium ,2297.0,250.0,20.0,45940.0,2297.0,0.05,43643.0,22970.0,0.5263,20673.0,0.45,High,2013-11-01,11.0, November ,2013.0
Channel Partners,Canada, Carretera , Medium ,2299.0,3.0,12.0,27588.0,1655.28,0.06,25932.72,6897.0,0.266,19035.72,0.69,High,2013-10-01,10.0, October ,2013.0
Channel Partners,Canada, Paseo , Medium ,2299.0,10.0,12.0,27588.0,1655.28,0.06,25932.72,6897.0,0.266,19035.72,0.69,High,2013-10-01,10.0, October ,2013.0
Midmarket,Canada, Carretera , High ,2300.0,3.0,15.0,34500.0,4830.0,0.14,29670.0,23000.0,0.7752,6670.0,0.19329999999999997,Medium,2014-12-01,12.0, December ,2014.0
Midmarket,Canada, Montana , High ,2300.0,5.0,15.0,34500.0,4830.0,0.14,29670.0,23000.0,0.7752,6670.0,0.19329999999999997,Medium,2014-12-01,12.0, December ,2014.0
Small Business,United States of America, Montana , Low ,2301.0,5.0,300.0,690300.0,6903.0,0.01,683397.0,575250.0,0.8418000000000001,108147.0,0.1567,Medium,2014-04-01,4.0, April ,2014.0
Government,United States of America, Montana , High ,2313.0,5.0,350.0,809550.0,80955.0,0.1,728595.0,601380.0,0.8254,127215.0,0.15710000000000002,Medium,2014-05-01,5.0, May ,2014.0
Channel Partners,Canada, Montana , Medium ,2321.0,5.0,12.0,27852.0,2506.68,0.09,25345.32,6963.0,0.2747,18382.32,0.66,High,2014-11-01,11.0, November ,2014.0
Government,United States of America, Paseo , Medium ,2327.0,10.0,7.0,16289.0,814.45,0.05,15474.55,11635.0,0.7519,3839.55,0.2357,Medium,2014-05-01,5.0, May ,2014.0
Government,United States of America, Montana , High ,2328.0,5.0,7.0,16296.0,1629.6,0.1,14666.4,11640.0,0.7937000000000001,3026.4,0.1857,Medium,2014-09-01,9.0, September ,2014.0
Government,Germany, Velo , Medium ,2338.0,120.0,7.0,16366.0,1309.28,0.08,15056.72,11690.0,0.7764,3366.72,0.2057,Medium,2014-06-01,6.0, June ,2014.0
Government,Germany, VTT , Medium ,2338.0,250.0,7.0,16366.0,1309.28,0.08,15056.72,11690.0,0.7764,3366.72,0.2057,Medium,2014-06-01,6.0, June ,2014.0
Channel Partners,Mexico, Montana , Medium ,2340.0,5.0,12.0,28080.0,1965.6,0.07,26114.4,7020.0,0.2688,19094.4,0.68,High,2014-01-01,1.0, January ,2014.0
Channel Partners,Germany, Montana , Medium ,2342.0,5.0,12.0,28104.0,1405.2,0.05,26698.8,7026.0,0.2632,19672.8,0.7,High,2014-11-01,11.0, November ,2014.0
Channel Partners,France, Montana , Medium ,2342.0,5.0,12.0,28104.0,1967.28,0.07,26136.72,7026.0,0.2688,19110.72,0.68,High,2014-11-01,11.0, November ,2014.0
Government,Canada, Paseo , Medium ,2349.0,10.0,7.0,16443.0,822.15,0.05,15620.85,11745.0,0.7519,3875.85,0.2357,Medium,2013-09-01,9.0, September ,2013.0
Midmarket,Canada, Paseo , Low ,2363.0,10.0,15.0,35445.0,708.9,0.02,34736.1,23630.0,0.6803,11106.1,0.31329999999999997,Medium,2014-02-01,2.0, February ,2014.0
Enterprise,France, Paseo , Medium ,2385.0,10.0,125.0,298125.0,14906.25,0.05,283218.75,286200.0,1.0105,-2981.25,-0.01,Low,2014-03-01,3.0, March ,2014.0
Enterprise,United States of America, VTT , High ,2387.0,250.0,125.0,298375.0,35805.0,0.12,262570.0,286440.0,1.0909,-23870.0,-0.08,Low,2014-11-01,11.0, November ,2014.0
Government,Canada, Paseo , High ,2394.0,10.0,20.0,47880.0,5266.8,0.11,42613.2,23940.0,0.5618,18673.2,0.39,Medium,2014-08-01,8.0, August ,2014.0
Government,Germany, Paseo , Medium ,2409.0,10.0,7.0,16863.0,1349.04,0.08,15513.96,12045.0,0.7764,3468.96,0.2057,Medium,2013-09-01,9.0, September ,2013.0
Enterprise,Canada, Carretera , High ,2416.0,3.0,125.0,302000.0,36240.0,0.12,265760.0,289920.0,1.0909,-24160.0,-0.08,Low,2013-09-01,9.0, September ,2013.0
Government,Mexico, Paseo , Medium ,2417.0,10.0,350.0,845950.0,76135.5,0.09,769814.5,628420.0,0.8162999999999999,141394.5,0.1671,Medium,2014-01-01,1.0, January ,2014.0
Government,Mexico, Montana , High ,2420.0,5.0,7.0,16940.0,2032.8,0.12,14907.2,12100.0,0.8117,2807.2,0.16570000000000001,Medium,2014-09-01,9.0, September ,2014.0
Channel Partners,France, Paseo , High ,2425.5,10.0,12.0,29106.0,3201.66,0.11,25904.34,7276.5,0.2809,18627.84,0.64,High,2014-07-01,7.0, July ,2014.0
Government,Canada, Paseo , High ,2428.0,10.0,20.0,48560.0,6798.4,0.14,41761.6,24280.0,0.5814,17481.6,0.36,Medium,2014-03-01,3.0, March ,2014.0
Channel Partners,Canada, Paseo , Medium ,2431.0,10.0,12.0,29172.0,1458.6,0.05,27713.4,7293.0,0.2632,20420.4,0.7,High,2014-12-01,12.0, December ,2014.0
Channel Partners,Canada, Velo , Medium ,2431.0,120.0,12.0,29172.0,1458.6,0.05,27713.4,7293.0,0.2632,20420.4,0.7,High,2014-12-01,12.0, December ,2014.0
Small Business,France, Paseo , Low ,2434.5,10.0,300.0,730350.0,21910.5,0.03,708439.5,608625.0,0.8591,99814.5,0.1367,Low,2014-01-01,1.0, January ,2014.0
Small Business,Canada, VTT , Medium ,2436.0,250.0,300.0,730800.0,43848.0,0.06,686952.0,609000.0,0.8865000000000001,77952.0,0.1067,Low,2013-12-01,12.0, December ,2013.0
Enterprise,United States of America, Velo , High ,2438.0,120.0,125.0,304750.0,45712.5,0.15,259037.5,292560.0,1.1294,-33522.5,-0.11,Low,2013-12-01,12.0, December ,2013.0
Enterprise,France, Carretera , High ,2441.0,3.0,125.0,305125.0,33563.75,0.11,271561.25,292920.0,1.0787,-21358.75,-0.07,Low,2014-10-01,10.0, October ,2014.0
Enterprise,France, Paseo , High ,2441.0,10.0,125.0,305125.0,33563.75,0.11,271561.25,292920.0,1.0787,-21358.75,-0.07,Low,2014-10-01,10.0, October ,2014.0
Small Business,Mexico, Paseo , Medium ,2460.0,10.0,300.0,738000.0,59040.0,0.08,678960.0,615000.0,0.9057999999999999,63960.0,0.0867,Low,2014-06-01,6.0, June ,2014.0
Small Business,Mexico, Amarilla , Medium ,2460.0,260.0,300.0,738000.0,59040.0,0.08,678960.0,615000.0,0.9057999999999999,63960.0,0.0867,Low,2014-06-01,6.0, June ,2014.0
Small Business,United States of America, Velo , High ,2460.0,120.0,300.0,738000.0,103320.0,0.14,634680.0,615000.0,0.9690000000000001,19680.0,0.026699999999999998,Low,2014-07-01,7.0, July ,2014.0
Midmarket,Mexico, Carretera ,None,2470.0,3.0,15.0,37050.0,0.0,0.0,37050.0,24700.0,0.6667000000000001,12350.0,0.3333,Medium,2014-06-01,6.0, June ,2014.0
Midmarket,Mexico, Montana ,None,2470.0,5.0,15.0,37050.0,0.0,0.0,37050.0,24700.0,0.6667000000000001,12350.0,0.3333,Medium,2014-06-01,6.0, June ,2014.0
Midmarket,Canada, Paseo , High ,2470.0,10.0,15.0,37050.0,5187.0,0.14,31863.0,24700.0,0.7752,7163.0,0.19329999999999997,Medium,2013-09-01,9.0, September ,2013.0
Midmarket,Mexico, Paseo ,None,2472.0,10.0,15.0,37080.0,0.0,0.0,37080.0,24720.0,0.6667000000000001,12360.0,0.3333,Medium,2014-09-01,9.0, September ,2014.0
Channel Partners,France, Amarilla , High ,2475.0,260.0,12.0,29700.0,4158.0,0.14,25542.0,7425.0,0.2907,18117.0,0.61,High,2014-08-01,8.0, August ,2014.0
Small Business,France, Amarilla , High ,2475.0,260.0,300.0,742500.0,111375.0,0.15,631125.0,618750.0,0.9804,12375.0,0.0167,Low,2014-03-01,3.0, March ,2014.0
Channel Partners,Germany, VTT , Low ,2479.0,250.0,12.0,29748.0,892.44,0.03,28855.56,7437.0,0.2577,21418.56,0.72,High,2014-01-01,1.0, January ,2014.0
Government,France, Carretera , Medium ,2487.0,3.0,7.0,17409.0,870.45,0.05,16538.55,12435.0,0.7519,4103.55,0.2357,Medium,2014-12-01,12.0, December ,2014.0
Government,France, VTT , Medium ,2487.0,250.0,7.0,17409.0,870.45,0.05,16538.55,12435.0,0.7519,4103.55,0.2357,Medium,2014-12-01,12.0, December ,2014.0
Small Business,United States of America, Montana , Low ,2498.0,5.0,300.0,749400.0,7494.0,0.01,741906.0,624500.0,0.8418000000000001,117406.0,0.1567,Medium,2013-09-01,9.0, September ,2013.0
Enterprise,Germany, Montana , Medium ,2500.0,5.0,125.0,312500.0,21875.0,0.07,290625.0,300000.0,1.0323,-9375.0,-0.03,Low,2013-11-01,11.0, November ,2013.0
Midmarket,France, Montana , Medium ,2501.0,5.0,15.0,37515.0,3001.2,0.08,34513.8,25010.0,0.7245999999999999,9503.8,0.25329999999999997,Medium,2014-03-01,3.0, March ,2014.0
Channel Partners,Canada, Montana ,None,2518.0,5.0,12.0,30216.0,0.0,0.0,30216.0,7554.0,0.25,22662.0,0.75,High,2014-06-01,6.0, June ,2014.0
Channel Partners,Canada, Paseo ,None,2518.0,10.0,12.0,30216.0,0.0,0.0,30216.0,7554.0,0.25,22662.0,0.75,High,2014-06-01,6.0, June ,2014.0
Government,France, Carretera , High ,2521.5,3.0,20.0,50430.0,6051.6,0.12,44378.4,25215.0,0.5682,19163.4,0.38,Medium,2014-01-01,1.0, January ,2014.0
Government,United States of America, Carretera , Low ,2529.0,3.0,7.0,17703.0,177.03,0.01,17525.97,12645.0,0.7215,4880.97,0.2757,Medium,2014-07-01,7.0, July ,2014.0
Enterprise,Canada, VTT , High ,2529.0,250.0,125.0,316125.0,31612.5,0.1,284512.5,303480.0,1.0667,-18967.5,-0.06,Low,2014-11-01,11.0, November ,2014.0
Government,France, Paseo , High ,2532.0,10.0,7.0,17724.0,1949.64,0.11,15774.36,12660.0,0.8026000000000001,3114.36,0.1757,Medium,2014-04-01,4.0, April ,2014.0
Government,Mexico, Paseo , High ,2535.0,10.0,7.0,17745.0,2661.75,0.15,15083.25,12675.0,0.8403,2408.25,0.13570000000000002,Low,2014-04-01,4.0, April ,2014.0
Small Business,Germany, Velo , High ,2536.0,120.0,300.0,760800.0,106512.0,0.14,654288.0,634000.0,0.9690000000000001,20288.0,0.026699999999999998,Low,2013-11-01,11.0, November ,2013.0
Small Business,United States of America, VTT , High ,2541.0,250.0,300.0,762300.0,106722.0,0.14,655578.0,635250.0,0.9690000000000001,20328.0,0.026699999999999998,Low,2014-08-01,8.0, August ,2014.0
Midmarket,United States of America, Amarilla , High ,2548.0,260.0,15.0,38220.0,4586.4,0.12,33633.6,25480.0,0.7576,8153.6,0.2133,Medium,2013-11-01,11.0, November ,2013.0
Midmarket,Canada, Paseo , High ,2559.0,10.0,15.0,38385.0,5757.75,0.15,32627.25,25590.0,0.7843000000000001,7037.25,0.1833,Medium,2014-08-01,8.0, August ,2014.0
Small Business,Mexico, Paseo , Medium ,2565.0,10.0,300.0,769500.0,69255.0,0.09,700245.0,641250.0,0.9158,58995.0,0.0767,Low,2014-01-01,1.0, January ,2014.0
Midmarket,United States of America, Carretera , High ,2567.0,3.0,15.0,38505.0,5005.65,0.13,33499.35,25670.0,0.7663,7829.35,0.20329999999999998,Medium,2014-06-01,6.0, June ,2014.0
Midmarket,United States of America, VTT , High ,2567.0,250.0,15.0,38505.0,5005.65,0.13,33499.35,25670.0,0.7663,7829.35,0.20329999999999998,Medium,2014-06-01,6.0, June ,2014.0
Channel Partners,Germany, Amarilla , High ,2574.0,260.0,12.0,30888.0,3088.8,0.1,27799.2,7722.0,0.2778,20077.2,0.65,High,2014-08-01,8.0, August ,2014.0
Small Business,United States of America, Velo , High ,2574.0,120.0,300.0,772200.0,115830.0,0.15,656370.0,643500.0,0.9804,12870.0,0.0167,Low,2013-11-01,11.0, November ,2013.0
Government,Mexico, Carretera , High ,2579.0,3.0,20.0,51580.0,7221.2,0.14,44358.8,25790.0,0.5814,18568.8,0.36,Medium,2014-04-01,4.0, April ,2014.0
Government,Germany, Carretera , Low ,2580.0,3.0,20.0,51600.0,1548.0,0.03,50052.0,25800.0,0.5155,24252.0,0.47,High,2014-04-01,4.0, April ,2014.0
Small Business,Mexico, Velo , High ,2605.0,120.0,300.0,781500.0,101595.0,0.13,679905.0,651250.0,0.9579000000000001,28655.0,0.036699999999999997,Low,2013-11-01,11.0, November ,2013.0
Midmarket,France, Paseo , Medium ,2620.0,10.0,15.0,39300.0,1965.0,0.05,37335.0,26200.0,0.7018000000000001,11135.0,0.2833,Medium,2014-09-01,9.0, September ,2014.0
Midmarket,Mexico, Velo , Medium ,2628.0,120.0,15.0,39420.0,3547.8,0.09,35872.2,26280.0,0.7326,9592.2,0.2433,Medium,2014-04-01,4.0, April ,2014.0
Government,Mexico, Amarilla , High ,2629.0,260.0,20.0,52580.0,5783.8,0.11,46796.2,26290.0,0.5618,20506.2,0.39,Medium,2014-01-01,1.0, January ,2014.0
Government,Canada, Paseo , High ,2632.0,10.0,350.0,921200.0,119756.0,0.13,801444.0,684320.0,0.8539,117124.0,0.12710000000000002,Low,2014-06-01,6.0, June ,2014.0
Government,Canada, Velo , High ,2632.0,120.0,350.0,921200.0,119756.0,0.13,801444.0,684320.0,0.8539,117124.0,0.12710000000000002,Low,2014-06-01,6.0, June ,2014.0
Government,United States of America, Paseo , High ,2641.0,10.0,20.0,52820.0,6866.6,0.13,45953.4,26410.0,0.5747,19543.4,0.37,Medium,2014-02-01,2.0, February ,2014.0
Government,Canada, Velo , Low ,2646.0,120.0,20.0,52920.0,2116.8,0.04,50803.2,26460.0,0.5207999999999999,24343.2,0.46,High,2013-09-01,9.0, September ,2013.0
Small Business,Germany, VTT , Medium ,2659.0,250.0,300.0,797700.0,71793.0,0.09,725907.0,664750.0,0.9158,61157.0,0.0767,Low,2014-02-01,2.0, February ,2014.0
Channel Partners,Mexico, Montana , High ,2661.0,5.0,12.0,31932.0,3831.84,0.12,28100.16,7983.0,0.2841,20117.16,0.63,High,2014-05-01,5.0, May ,2014.0
Government,United States of America, Paseo , Medium ,2663.0,10.0,20.0,53260.0,2663.0,0.05,50597.0,26630.0,0.5263,23967.0,0.45,High,2014-12-01,12.0, December ,2014.0
Government,United States of America, VTT , Medium ,2663.0,250.0,20.0,53260.0,2663.0,0.05,50597.0,26630.0,0.5263,23967.0,0.45,High,2014-12-01,12.0, December ,2014.0
Government,Germany, Velo , High ,2665.0,120.0,7.0,18655.0,1865.5,0.1,16789.5,13325.0,0.7937000000000001,3464.5,0.1857,Medium,2014-11-01,11.0, November ,2014.0
Enterprise,Canada, Montana ,None,2665.5,5.0,125.0,333187.5,0.0,0.0,333187.5,319860.0,0.96,13327.5,0.04,Low,2014-07-01,7.0, July ,2014.0
Channel Partners,France, Carretera , Low ,2671.0,3.0,12.0,32052.0,320.52,0.01,31731.48,8013.0,0.2525,23718.48,0.74,High,2014-09-01,9.0, September ,2014.0
Government,France, VTT , Medium ,2682.0,250.0,20.0,53640.0,4827.6,0.09,48812.4,26820.0,0.5495,21992.4,0.41,High,2013-11-01,11.0, November ,2013.0
Midmarket,Canada, Carretera , High ,2689.0,3.0,15.0,40335.0,4840.2,0.12,35494.8,26890.0,0.7576,8604.8,0.2133,Medium,2014-11-01,11.0, November ,2014.0
Government,Mexico, Paseo , Medium ,2689.0,10.0,7.0,18823.0,941.15,0.05,17881.85,13445.0,0.7519,4436.85,0.2357,Medium,2014-10-01,10.0, October ,2014.0
Government,Mexico, VTT , Medium ,2689.0,250.0,7.0,18823.0,941.15,0.05,17881.85,13445.0,0.7519,4436.85,0.2357,Medium,2014-10-01,10.0, October ,2014.0
Government,France, Paseo , High ,2696.0,10.0,7.0,18872.0,2453.36,0.13,16418.64,13480.0,0.821,2938.64,0.1557,Medium,2014-08-01,8.0, August ,2014.0
Government,Mexico, Carretera , High ,2706.0,3.0,7.0,18942.0,2083.62,0.11,16858.38,13530.0,0.8026000000000001,3328.38,0.1757,Medium,2013-11-01,11.0, November ,2013.0
Government,Germany, Paseo , High ,2708.0,10.0,20.0,54160.0,7040.8,0.13,47119.2,27080.0,0.5747,20039.2,0.37,Medium,2014-02-01,2.0, February ,2014.0
Channel Partners,United States of America, Montana , Medium ,2723.0,5.0,12.0,32676.0,1960.56,0.06,30715.44,8169.0,0.266,22546.44,0.69,High,2014-11-01,11.0, November ,2014.0
Enterprise,Canada, Paseo , Low ,2729.0,10.0,125.0,341125.0,6822.5,0.02,334302.5,327480.0,0.9795999999999999,6822.5,0.02,Low,2014-12-01,12.0, December ,2014.0
Enterprise,Canada, VTT , Low ,2729.0,250.0,125.0,341125.0,6822.5,0.02,334302.5,327480.0,0.9795999999999999,6822.5,0.02,Low,2014-12-01,12.0, December ,2014.0
Government,Canada, Montana , High ,2734.0,5.0,7.0,19138.0,2296.56,0.12,16841.44,13670.0,0.8117,3171.44,0.16570000000000001,Medium,2014-10-01,10.0, October ,2014.0
Government,Canada, Amarilla , High ,2734.0,260.0,7.0,19138.0,2296.56,0.12,16841.44,13670.0,0.8117,3171.44,0.16570000000000001,Medium,2014-10-01,10.0, October ,2014.0
Small Business,Mexico, VTT , Medium ,2747.0,250.0,300.0,824100.0,57687.0,0.07,766413.0,686750.0,0.8961,79663.0,0.0967,Low,2014-02-01,2.0, February ,2014.0
Government,France, Amarilla ,None,2750.0,260.0,350.0,962500.0,0.0,0.0,962500.0,715000.0,0.7429000000000001,247500.0,0.2571,Medium,2014-02-01,2.0, February ,2014.0
Enterprise,United States of America, Velo , Medium ,2755.0,120.0,125.0,344375.0,20662.5,0.06,323712.5,330600.0,1.0212999999999999,-6887.5,-0.02,Low,2014-02-01,2.0, February ,2014.0
Channel Partners,Canada, Amarilla , High ,2761.0,260.0,12.0,33132.0,3975.84,0.12,29156.16,8283.0,0.2841,20873.16,0.63,High,2013-09-01,9.0, September ,2013.0
Channel Partners,Mexico, Paseo , Medium ,2763.0,10.0,12.0,33156.0,2320.92,0.07,30835.08,8289.0,0.2688,22546.08,0.68,High,2013-11-01,11.0, November ,2013.0
Enterprise,Germany, Carretera , High ,2767.0,3.0,125.0,345875.0,51881.25,0.15,293993.75,332040.0,1.1294,-38046.25,-0.11,Low,2014-08-01,8.0, August ,2014.0
Midmarket,Mexico, Carretera , Medium ,2791.0,3.0,15.0,41865.0,2093.25,0.05,39771.75,27910.0,0.7018000000000001,11861.75,0.2833,Medium,2014-11-01,11.0, November ,2014.0
Enterprise,United States of America, Montana , Medium ,2797.0,5.0,125.0,349625.0,31466.25,0.09,318158.75,335640.0,1.0549,-17481.25,-0.05,Low,2014-12-01,12.0, December ,2014.0
Enterprise,United States of America, Paseo , Medium ,2797.0,10.0,125.0,349625.0,31466.25,0.09,318158.75,335640.0,1.0549,-17481.25,-0.05,Low,2014-12-01,12.0, December ,2014.0
Government,France, Velo , High ,2805.0,120.0,20.0,56100.0,6171.0,0.11,49929.0,28050.0,0.5618,21879.0,0.39,Medium,2013-09-01,9.0, September ,2013.0
Government,United States of America, VTT , High ,2807.0,250.0,350.0,982450.0,98245.0,0.1,884205.0,729820.0,0.8254,154385.0,0.15710000000000002,Medium,2014-08-01,8.0, August ,2014.0
Small Business,Germany, Carretera , High ,2811.0,3.0,300.0,843300.0,92763.0,0.11,750537.0,702750.0,0.9362999999999999,47787.0,0.0567,Low,2014-07-01,7.0, July ,2014.0
Enterprise,United States of America, Velo ,None,2821.0,120.0,125.0,352625.0,0.0,0.0,352625.0,338520.0,0.96,14105.0,0.04,Low,2014-08-01,8.0, August ,2014.0
Enterprise,Mexico, Carretera , High ,2821.0,3.0,125.0,352625.0,49367.5,0.14,303257.5,338520.0,1.1162999999999998,-35262.5,-0.1,Low,2013-12-01,12.0, December ,2013.0
Midmarket,France, Velo , High ,2826.0,120.0,15.0,42390.0,6358.5,0.15,36031.5,28260.0,0.7843000000000001,7771.5,0.1833,Medium,2014-05-01,5.0, May ,2014.0
Government,United States of America, Velo , Medium ,2832.0,120.0,20.0,56640.0,2832.0,0.05,53808.0,28320.0,0.5263,25488.0,0.45,High,2014-08-01,8.0, August ,2014.0
Channel Partners,Germany, VTT ,None,2838.0,250.0,12.0,34056.0,0.0,0.0,34056.0,8514.0,0.25,25542.0,0.75,High,2014-04-01,4.0, April ,2014.0
Small Business,United States of America, VTT , Low ,2844.0,250.0,300.0,853200.0,25596.0,0.03,827604.0,711000.0,0.8591,116604.0,0.1367,Low,2014-02-01,2.0, February ,2014.0
Midmarket,Canada, Carretera , Medium ,2844.0,3.0,15.0,42660.0,2559.6,0.06,40100.4,28440.0,0.7092,11660.4,0.2733,Medium,2014-06-01,6.0, June ,2014.0
Midmarket,Canada, VTT , Medium ,2844.0,250.0,15.0,42660.0,2559.6,0.06,40100.4,28440.0,0.7092,11660.4,0.2733,Medium,2014-06-01,6.0, June ,2014.0
Enterprise,United States of America, Amarilla , High ,2844.0,260.0,125.0,355500.0,49770.0,0.14,305730.0,341280.0,1.1162999999999998,-35550.0,-0.1,Low,2014-05-01,5.0, May ,2014.0
Government,Mexico, Paseo , High ,2851.0,10.0,350.0,997850.0,149677.5,0.15,848172.5,741260.0,0.8739,106912.5,0.10710000000000001,Low,2014-05-01,5.0, May ,2014.0
Government,Canada, Carretera , Low ,2851.0,3.0,7.0,19957.0,798.28,0.04,19158.72,14255.0,0.7440000000000001,4903.72,0.2457,Medium,2013-10-01,10.0, October ,2013.0
Government,Canada, Montana , Low ,2851.0,5.0,7.0,19957.0,798.28,0.04,19158.72,14255.0,0.7440000000000001,4903.72,0.2457,Medium,2013-10-01,10.0, October ,2013.0
Government,Canada, Carretera , Low ,2852.0,3.0,350.0,998200.0,19964.0,0.02,978236.0,741520.0,0.758,236716.0,0.2371,Medium,2014-12-01,12.0, December ,2014.0
Government,Canada, Paseo , Low ,2852.0,10.0,350.0,998200.0,19964.0,0.02,978236.0,741520.0,0.758,236716.0,0.2371,Medium,2014-12-01,12.0, December ,2014.0
Midmarket,Mexico, Velo , Medium ,2861.0,120.0,15.0,42915.0,2145.75,0.05,40769.25,28610.0,0.7018000000000001,12159.25,0.2833,Medium,2014-01-01,1.0, January ,2014.0
Government,France, Amarilla , Medium ,2876.0,260.0,350.0,1006600.0,70462.0,0.07,936138.0,747760.0,0.7988,188378.0,0.18710000000000002,Medium,2014-09-01,9.0, September ,2014.0
Government,Germany, Velo , Low ,2877.0,120.0,350.0,1006950.0,20139.0,0.02,986811.0,748020.0,0.758,238791.0,0.2371,Medium,2014-10-01,10.0, October ,2014.0
Government,Germany, VTT , Low ,2877.0,250.0,350.0,1006950.0,20139.0,0.02,986811.0,748020.0,0.758,238791.0,0.2371,Medium,2014-10-01,10.0, October ,2014.0
Government,Mexico, VTT , High ,2903.0,250.0,7.0,20321.0,2844.94,0.14,17476.06,14515.0,0.8306,2961.06,0.1457,Low,2014-03-01,3.0, March ,2014.0
Small Business,United States of America, Paseo , Low ,2905.0,10.0,300.0,871500.0,8715.0,0.01,862785.0,726250.0,0.8418000000000001,136535.0,0.1567,Medium,2014-11-01,11.0, November ,2014.0
Government,United States of America, Velo , Medium ,2907.0,120.0,7.0,20349.0,1627.92,0.08,18721.08,14535.0,0.7764,4186.08,0.2057,Medium,2014-06-01,6.0, June ,2014.0
Government,United States of America, Amarilla , Medium ,2907.0,260.0,7.0,20349.0,1627.92,0.08,18721.08,14535.0,0.7764,4186.08,0.2057,Medium,2014-06-01,6.0, June ,2014.0
Channel Partners,United States of America, Paseo , High ,2914.0,10.0,12.0,34968.0,4895.52,0.14,30072.48,8742.0,0.2907,21330.48,0.61,High,2014-10-01,10.0, October ,2014.0
Channel Partners,United States of America, Amarilla , High ,2914.0,260.0,12.0,34968.0,4895.52,0.14,30072.48,8742.0,0.2907,21330.48,0.61,High,2014-10-01,10.0, October ,2014.0
Small Business,United States of America, Paseo , Low ,2918.0,10.0,300.0,875400.0,35016.0,0.04,840384.0,729500.0,0.8681,110884.0,0.1267,Low,2014-05-01,5.0, May ,2014.0
Midmarket,United States of America, Paseo , Medium ,2931.0,10.0,15.0,43965.0,3077.55,0.07,40887.45,29310.0,0.7168000000000001,11577.45,0.2633,Medium,2013-09-01,9.0, September ,2013.0
Government,Canada, VTT , High ,2935.0,250.0,20.0,58700.0,6457.0,0.11,52243.0,29350.0,0.5618,22893.0,0.39,Medium,2013-11-01,11.0, November ,2013.0
Enterprise,Canada, VTT , High ,2954.0,250.0,125.0,369250.0,55387.5,0.15,313862.5,354480.0,1.1294,-40617.5,-0.11,Low,2013-11-01,11.0, November ,2013.0
Government,Germany, Velo , Low ,2966.0,120.0,350.0,1038100.0,20762.0,0.02,1017338.0,771160.0,0.758,246178.0,0.2371,Medium,2013-10-01,10.0, October ,2013.0
Government,Germany, Amarilla , Low ,2966.0,260.0,350.0,1038100.0,20762.0,0.02,1017338.0,771160.0,0.758,246178.0,0.2371,Medium,2013-10-01,10.0, October ,2013.0
Enterprise,France, Paseo , Low ,2988.0,10.0,125.0,373500.0,14940.0,0.04,358560.0,358560.0,1.0,0.0,0.0,Low,2014-07-01,7.0, July ,2014.0
Government,Germany, Montana , High ,2992.0,5.0,20.0,59840.0,6582.4,0.11,53257.6,29920.0,0.5618,23337.6,0.39,Medium,2013-10-01,10.0, October ,2013.0
Government,Germany, Paseo , High ,2992.0,10.0,20.0,59840.0,6582.4,0.11,53257.6,29920.0,0.5618,23337.6,0.39,Medium,2013-10-01,10.0, October ,2013.0
Enterprise,United States of America, Paseo , Medium ,2992.0,10.0,125.0,374000.0,18700.0,0.05,355300.0,359040.0,1.0105,-3740.0,-0.01,Low,2014-03-01,3.0, March ,2014.0
Small Business,United States of America, Amarilla , High ,2993.0,260.0,300.0,897900.0,89790.0,0.1,808110.0,748250.0,0.9259000000000001,59860.0,0.0667,Low,2014-03-01,3.0, March ,2014.0
Government,Mexico, Paseo , Medium ,2993.0,10.0,20.0,59860.0,4788.8,0.08,55071.2,29930.0,0.5435,25141.2,0.42,High,2014-09-01,9.0, September ,2014.0
Government,United States of America, Carretera , High ,2996.0,3.0,7.0,20972.0,2936.08,0.14,18035.92,14980.0,0.8306,3055.92,0.1457,Low,2013-10-01,10.0, October ,2013.0
Government,United States of America, Montana , High ,2996.0,5.0,7.0,20972.0,2936.08,0.14,18035.92,14980.0,0.8306,3055.92,0.1457,Low,2013-10-01,10.0, October ,2013.0
Enterprise,Germany, Amarilla , High ,3165.0,260.0,125.0,395625.0,43518.75,0.11,352106.25,379800.0,1.0787,-27693.75,-0.07,Low,2014-01-01,1.0, January ,2014.0
Midmarket,United States of America, Amarilla , High ,3199.5,260.0,15.0,47992.5,5279.18,0.11,42713.33,31995.0,0.7491,10718.33,0.22329999999999997,Medium,2014-07-01,7.0, July ,2014.0
Channel Partners,Canada, VTT , Medium ,3244.5,250.0,12.0,38934.0,2725.38,0.07,36208.62,9733.5,0.2688,26475.12,0.68,High,2014-01-01,1.0, January ,2014.0
Government,France, Amarilla , High ,3421.5,260.0,7.0,23950.5,2874.06,0.12,21076.44,17107.5,0.8117,3968.94,0.16570000000000001,Medium,2014-07-01,7.0, July ,2014.0
Enterprise,United States of America, Carretera , High ,3445.5,3.0,125.0,430687.5,43068.75,0.1,387618.75,413460.0,1.0667,-25841.25,-0.06,Low,2014-04-01,4.0, April ,2014.0
Government,United States of America, Paseo , Low ,3450.0,10.0,350.0,1207500.0,48300.0,0.04,1159200.0,897000.0,0.7737999999999999,262200.0,0.21710000000000002,Medium,2014-07-01,7.0, July ,2014.0
Small Business,United States of America, Paseo , High ,3495.0,10.0,300.0,1048500.0,125820.0,0.12,922680.0,873750.0,0.9470000000000001,48930.0,0.0467,Low,2014-01-01,1.0, January ,2014.0
Enterprise,Germany, Paseo , Medium ,3513.0,10.0,125.0,439125.0,30738.75,0.07,408386.25,421560.0,1.0323,-13173.75,-0.03,Low,2014-07-01,7.0, July ,2014.0
Channel Partners,Canada, Amarilla , High ,3520.5,260.0,12.0,42246.0,4224.6,0.1,38021.4,10561.5,0.2778,27459.9,0.65,High,2014-04-01,4.0, April ,2014.0
Enterprise,United States of America, Montana , Medium ,3627.0,5.0,125.0,453375.0,22668.75,0.05,430706.25,435240.0,1.0105,-4533.75,-0.01,Low,2014-07-01,7.0, July ,2014.0
Midmarket,United States of America, Paseo , Medium ,3675.0,10.0,15.0,55125.0,4961.25,0.09,50163.75,36750.0,0.7326,13413.75,0.2433,Medium,2014-04-01,4.0, April ,2014.0
Small Business,Canada, Velo , Medium ,3793.5,120.0,300.0,1138050.0,102424.5,0.09,1035625.5,948375.0,0.9158,87250.5,0.0767,Low,2014-07-01,7.0, July ,2014.0
Midmarket,France, Paseo , Medium ,3801.0,10.0,15.0,57015.0,3420.9,0.06,53594.1,38010.0,0.7092,15584.1,0.2733,Medium,2014-04-01,4.0, April ,2014.0
Small Business,Canada, Montana , Medium ,3802.5,5.0,300.0,1140750.0,102667.5,0.09,1038082.5,950625.0,0.9158,87457.5,0.0767,Low,2014-04-01,4.0, April ,2014.0
Government,Canada, Velo , Low ,3850.5,120.0,20.0,77010.0,2310.3,0.03,74699.7,38505.0,0.5155,36194.7,0.47,High,2014-04-01,4.0, April ,2014.0
Government,France, Velo , Low ,3864.0,120.0,20.0,77280.0,772.8,0.01,76507.2,38640.0,0.5051,37867.2,0.49,High,2014-04-01,4.0, April ,2014.0
Midmarket,France, VTT , High ,3874.5,250.0,15.0,58117.5,6974.1,0.12,51143.4,38745.0,0.7576,12398.4,0.2133,Medium,2014-07-01,7.0, July ,2014.0
Government,France, Paseo , Low ,3945.0,10.0,7.0,27615.0,276.15,0.01,27338.85,19725.0,0.7215,7613.85,0.2757,Medium,2014-01-01,1.0, January ,2014.0
Midmarket,France, Velo , High ,3997.5,120.0,15.0,59962.5,7795.13,0.13,52167.38,39975.0,0.7663,12192.38,0.20329999999999998,Medium,2014-01-01,1.0, January ,2014.0
Channel Partners,Canada, Paseo , High ,4026.0,10.0,12.0,48312.0,5314.32,0.11,42997.68,12078.0,0.2809,30919.68,0.64,High,2014-07-01,7.0, July ,2014.0
Enterprise,Germany, Amarilla ,None,4219.5,260.0,125.0,527437.5,0.0,0.0,527437.5,506340.0,0.96,21097.5,0.04,Low,2014-04-01,4.0, April ,2014.0
Enterprise,France, Carretera , Low ,4243.5,3.0,125.0,530437.5,15913.13,0.03,514524.38,509220.0,0.9897,5304.38,0.01,Low,2014-04-01,4.0, April ,2014.0
Government,Canada, Paseo , Low ,4251.0,10.0,7.0,29757.0,1190.28,0.04,28566.72,21255.0,0.7440000000000001,7311.72,0.2457,Medium,2014-01-01,1.0, January ,2014.0
Government,United States of America, Paseo , Low ,4492.5,10.0,7.0,31447.5,314.48,0.01,31133.03,22462.5,0.7215,8670.53,0.2757,Medium,2014-04-01,4.0, April ,2014.0
,,,None,,,,,,,,,,,,,,,,
